


# Setting first scatterers:
s:Tf/Scatterer1/L0/Function = "Step" # SpotID
#dv:Tf/Scatterer1/L0/Times   = 6 1 2 3 4 5 6 ms 
#iv:Tf/Scatterer1/L0/Values  = 6 1 2 3 4 5 6 







s:Tf/Scatterer1/L1/Function = "Step" # Norminal E
s:Tf/Scatterer1/L2/Function = "Step" # E
s:Tf/Scatterer1/L3/Function = "Step" # Esigma
s:Tf/Scatterer1/L4/Function = "Step" # history
s:Tf/Scatterer1/L5/Function = "Step" # SourseX
s:Tf/Scatterer1/L6/Function = "Step" # SourseY
s:Tf/Scatterer1/L7/Function = "Step" # SourseRotX
s:Tf/Scatterer1/L8/Function = "Step" # SourseRotY
s:Tf/Scatterer1/L9/Function = "Step" # SigmaX
s:Tf/Scatterer1/L10/Function = "Step" # SigmaXprime
s:Tf/Scatterer1/L11/Function = "Step" # CorrelationX 
s:Tf/Scatterer1/L12/Function = "Step" # SigmaY
s:Tf/Scatterer1/L13/Function = "Step" # SigmaYprime
s:Tf/Scatterer1/L14/Function = "Step" # CorrelationY 

dv:Tf/Scatterer1/L1/Times   = Tf/Scatterer1/L0/Times ms
dv:Tf/Scatterer1/L2/Times   = Tf/Scatterer1/L0/Times ms
dv:Tf/Scatterer1/L3/Times   = Tf/Scatterer1/L0/Times ms
dv:Tf/Scatterer1/L4/Times   = Tf/Scatterer1/L0/Times ms
dv:Tf/Scatterer1/L5/Times   = Tf/Scatterer1/L0/Times ms
dv:Tf/Scatterer1/L6/Times   = Tf/Scatterer1/L0/Times ms
dv:Tf/Scatterer1/L7/Times   = Tf/Scatterer1/L0/Times ms
dv:Tf/Scatterer1/L8/Times   = Tf/Scatterer1/L0/Times ms
dv:Tf/Scatterer1/L9/Times   = Tf/Scatterer1/L0/Times ms
dv:Tf/Scatterer1/L10/Times   = Tf/Scatterer1/L0/Times ms
dv:Tf/Scatterer1/L11/Times   = Tf/Scatterer1/L0/Times ms
dv:Tf/Scatterer1/L12/Times   = Tf/Scatterer1/L0/Times ms
dv:Tf/Scatterer1/L13/Times   = Tf/Scatterer1/L0/Times ms
dv:Tf/Scatterer1/L14/Times   = Tf/Scatterer1/L0/Times ms
																																																																																																																																																																																																																																																																																																																																																																																																																																																																																																																																																																																																																																																																																																																																																																																																																																																																																																																																																																																																																																																																																																																																																																																																																																																																																																																																																																																																																																																																																																																																																																																																																																																																																																																																																										
																																																																																																																																																																																																																																																																																																																																																																																																																																																																																																																																																																																																																																																																																																																																																																																																																																																																																																																																																																																																																																																																																																																																																																																																																																																																																																																																																																																																																																																																																																																																																																																																																																																																																																																																																												
dv:Tf/Scatterer1/L0/Times   =  2151 1 2 3 4 5 6 7 8 9 10 11 12 13 14 15 16 17 18 19 20 21 22 23 24 25 26 27 28 29 30 31 32 33 34 35 36 37 38 39 40 41 42 43 44 45 46 47 48 49 50 51 52 53 54 55 56 57 58 59 60 61 62 63 64 65 66 67 68 69 70 71 72 73 74 75 76 77 78 79 80 81 82 83 84 85 86 87 88 89 90 91 92 93 94 95 96 97 98 99 100 101 102 103 104 105 106 107 108 109 110 111 112 113 114 115 116 117 118 119 120 121 122 123 124 125 126 127 128 129 130 131 132 133 134 135 136 137 138 139 140 141 142 143 144 145 146 147 148 149 150 151 152 153 154 155 156 157 158 159 160 161 162 163 164 165 166 167 168 169 170 171 172 173 174 175 176 177 178 179 180 181 182 183 184 185 186 187 188 189 190 191 192 193 194 195 196 197 198 199 200 201 202 203 204 205 206 207 208 209 210 211 212 213 214 215 216 217 218 219 220 221 222 223 224 225 226 227 228 229 230 231 232 233 234 235 236 237 238 239 240 241 242 243 244 245 246 247 248 249 250 251 252 253 254 255 256 257 258 259 260 261 262 263 264 265 266 267 268 269 270 271 272 273 274 275 276 277 278 279 280 281 282 283 284 285 286 287 288 289 290 291 292 293 294 295 296 297 298 299 300 301 302 303 304 305 306 307 308 309 310 311 312 313 314 315 316 317 318 319 320 321 322 323 324 325 326 327 328 329 330 331 332 333 334 335 336 337 338 339 340 341 342 343 344 345 346 347 348 349 350 351 352 353 354 355 356 357 358 359 360 361 362 363 364 365 366 367 368 369 370 371 372 373 374 375 376 377 378 379 380 381 382 383 384 385 386 387 388 389 390 391 392 393 394 395 396 397 398 399 400 401 402 403 404 405 406 407 408 409 410 411 412 413 414 415 416 417 418 419 420 421 422 423 424 425 426 427 428 429 430 431 432 433 434 435 436 437 438 439 440 441 442 443 444 445 446 447 448 449 450 451 452 453 454 455 456 457 458 459 460 461 462 463 464 465 466 467 468 469 470 471 472 473 474 475 476 477 478 479 480 481 482 483 484 485 486 487 488 489 490 491 492 493 494 495 496 497 498 499 500 501 502 503 504 505 506 507 508 509 510 511 512 513 514 515 516 517 518 519 520 521 522 523 524 525 526 527 528 529 530 531 532 533 534 535 536 537 538 539 540 541 542 543 544 545 546 547 548 549 550 551 552 553 554 555 556 557 558 559 560 561 562 563 564 565 566 567 568 569 570 571 572 573 574 575 576 577 578 579 580 581 582 583 584 585 586 587 588 589 590 591 592 593 594 595 596 597 598 599 600 601 602 603 604 605 606 607 608 609 610 611 612 613 614 615 616 617 618 619 620 621 622 623 624 625 626 627 628 629 630 631 632 633 634 635 636 637 638 639 640 641 642 643 644 645 646 647 648 649 650 651 652 653 654 655 656 657 658 659 660 661 662 663 664 665 666 667 668 669 670 671 672 673 674 675 676 677 678 679 680 681 682 683 684 685 686 687 688 689 690 691 692 693 694 695 696 697 698 699 700 701 702 703 704 705 706 707 708 709 710 711 712 713 714 715 716 717 718 719 720 721 722 723 724 725 726 727 728 729 730 731 732 733 734 735 736 737 738 739 740 741 742 743 744 745 746 747 748 749 750 751 752 753 754 755 756 757 758 759 760 761 762 763 764 765 766 767 768 769 770 771 772 773 774 775 776 777 778 779 780 781 782 783 784 785 786 787 788 789 790 791 792 793 794 795 796 797 798 799 800 801 802 803 804 805 806 807 808 809 810 811 812 813 814 815 816 817 818 819 820 821 822 823 824 825 826 827 828 829 830 831 832 833 834 835 836 837 838 839 840 841 842 843 844 845 846 847 848 849 850 851 852 853 854 855 856 857 858 859 860 861 862 863 864 865 866 867 868 869 870 871 872 873 874 875 876 877 878 879 880 881 882 883 884 885 886 887 888 889 890 891 892 893 894 895 896 897 898 899 900 901 902 903 904 905 906 907 908 909 910 911 912 913 914 915 916 917 918 919 920 921 922 923 924 925 926 927 928 929 930 931 932 933 934 935 936 937 938 939 940 941 942 943 944 945 946 947 948 949 950 951 952 953 954 955 956 957 958 959 960 961 962 963 964 965 966 967 968 969 970 971 972 973 974 975 976 977 978 979 980 981 982 983 984 985 986 987 988 989 990 991 992 993 994 995 996 997 998 999 1000 1001 1002 1003 1004 1005 1006 1007 1008 1009 1010 1011 1012 1013 1014 1015 1016 1017 1018 1019 1020 1021 1022 1023 1024 1025 1026 1027 1028 1029 1030 1031 1032 1033 1034 1035 1036 1037 1038 1039 1040 1041 1042 1043 1044 1045 1046 1047 1048 1049 1050 1051 1052 1053 1054 1055 1056 1057 1058 1059 1060 1061 1062 1063 1064 1065 1066 1067 1068 1069 1070 1071 1072 1073 1074 1075 1076 1077 1078 1079 1080 1081 1082 1083 1084 1085 1086 1087 1088 1089 1090 1091 1092 1093 1094 1095 1096 1097 1098 1099 1100 1101 1102 1103 1104 1105 1106 1107 1108 1109 1110 1111 1112 1113 1114 1115 1116 1117 1118 1119 1120 1121 1122 1123 1124 1125 1126 1127 1128 1129 1130 1131 1132 1133 1134 1135 1136 1137 1138 1139 1140 1141 1142 1143 1144 1145 1146 1147 1148 1149 1150 1151 1152 1153 1154 1155 1156 1157 1158 1159 1160 1161 1162 1163 1164 1165 1166 1167 1168 1169 1170 1171 1172 1173 1174 1175 1176 1177 1178 1179 1180 1181 1182 1183 1184 1185 1186 1187 1188 1189 1190 1191 1192 1193 1194 1195 1196 1197 1198 1199 1200 1201 1202 1203 1204 1205 1206 1207 1208 1209 1210 1211 1212 1213 1214 1215 1216 1217 1218 1219 1220 1221 1222 1223 1224 1225 1226 1227 1228 1229 1230 1231 1232 1233 1234 1235 1236 1237 1238 1239 1240 1241 1242 1243 1244 1245 1246 1247 1248 1249 1250 1251 1252 1253 1254 1255 1256 1257 1258 1259 1260 1261 1262 1263 1264 1265 1266 1267 1268 1269 1270 1271 1272 1273 1274 1275 1276 1277 1278 1279 1280 1281 1282 1283 1284 1285 1286 1287 1288 1289 1290 1291 1292 1293 1294 1295 1296 1297 1298 1299 1300 1301 1302 1303 1304 1305 1306 1307 1308 1309 1310 1311 1312 1313 1314 1315 1316 1317 1318 1319 1320 1321 1322 1323 1324 1325 1326 1327 1328 1329 1330 1331 1332 1333 1334 1335 1336 1337 1338 1339 1340 1341 1342 1343 1344 1345 1346 1347 1348 1349 1350 1351 1352 1353 1354 1355 1356 1357 1358 1359 1360 1361 1362 1363 1364 1365 1366 1367 1368 1369 1370 1371 1372 1373 1374 1375 1376 1377 1378 1379 1380 1381 1382 1383 1384 1385 1386 1387 1388 1389 1390 1391 1392 1393 1394 1395 1396 1397 1398 1399 1400 1401 1402 1403 1404 1405 1406 1407 1408 1409 1410 1411 1412 1413 1414 1415 1416 1417 1418 1419 1420 1421 1422 1423 1424 1425 1426 1427 1428 1429 1430 1431 1432 1433 1434 1435 1436 1437 1438 1439 1440 1441 1442 1443 1444 1445 1446 1447 1448 1449 1450 1451 1452 1453 1454 1455 1456 1457 1458 1459 1460 1461 1462 1463 1464 1465 1466 1467 1468 1469 1470 1471 1472 1473 1474 1475 1476 1477 1478 1479 1480 1481 1482 1483 1484 1485 1486 1487 1488 1489 1490 1491 1492 1493 1494 1495 1496 1497 1498 1499 1500 1501 1502 1503 1504 1505 1506 1507 1508 1509 1510 1511 1512 1513 1514 1515 1516 1517 1518 1519 1520 1521 1522 1523 1524 1525 1526 1527 1528 1529 1530 1531 1532 1533 1534 1535 1536 1537 1538 1539 1540 1541 1542 1543 1544 1545 1546 1547 1548 1549 1550 1551 1552 1553 1554 1555 1556 1557 1558 1559 1560 1561 1562 1563 1564 1565 1566 1567 1568 1569 1570 1571 1572 1573 1574 1575 1576 1577 1578 1579 1580 1581 1582 1583 1584 1585 1586 1587 1588 1589 1590 1591 1592 1593 1594 1595 1596 1597 1598 1599 1600 1601 1602 1603 1604 1605 1606 1607 1608 1609 1610 1611 1612 1613 1614 1615 1616 1617 1618 1619 1620 1621 1622 1623 1624 1625 1626 1627 1628 1629 1630 1631 1632 1633 1634 1635 1636 1637 1638 1639 1640 1641 1642 1643 1644 1645 1646 1647 1648 1649 1650 1651 1652 1653 1654 1655 1656 1657 1658 1659 1660 1661 1662 1663 1664 1665 1666 1667 1668 1669 1670 1671 1672 1673 1674 1675 1676 1677 1678 1679 1680 1681 1682 1683 1684 1685 1686 1687 1688 1689 1690 1691 1692 1693 1694 1695 1696 1697 1698 1699 1700 1701 1702 1703 1704 1705 1706 1707 1708 1709 1710 1711 1712 1713 1714 1715 1716 1717 1718 1719 1720 1721 1722 1723 1724 1725 1726 1727 1728 1729 1730 1731 1732 1733 1734 1735 1736 1737 1738 1739 1740 1741 1742 1743 1744 1745 1746 1747 1748 1749 1750 1751 1752 1753 1754 1755 1756 1757 1758 1759 1760 1761 1762 1763 1764 1765 1766 1767 1768 1769 1770 1771 1772 1773 1774 1775 1776 1777 1778 1779 1780 1781 1782 1783 1784 1785 1786 1787 1788 1789 1790 1791 1792 1793 1794 1795 1796 1797 1798 1799 1800 1801 1802 1803 1804 1805 1806 1807 1808 1809 1810 1811 1812 1813 1814 1815 1816 1817 1818 1819 1820 1821 1822 1823 1824 1825 1826 1827 1828 1829 1830 1831 1832 1833 1834 1835 1836 1837 1838 1839 1840 1841 1842 1843 1844 1845 1846 1847 1848 1849 1850 1851 1852 1853 1854 1855 1856 1857 1858 1859 1860 1861 1862 1863 1864 1865 1866 1867 1868 1869 1870 1871 1872 1873 1874 1875 1876 1877 1878 1879 1880 1881 1882 1883 1884 1885 1886 1887 1888 1889 1890 1891 1892 1893 1894 1895 1896 1897 1898 1899 1900 1901 1902 1903 1904 1905 1906 1907 1908 1909 1910 1911 1912 1913 1914 1915 1916 1917 1918 1919 1920 1921 1922 1923 1924 1925 1926 1927 1928 1929 1930 1931 1932 1933 1934 1935 1936 1937 1938 1939 1940 1941 1942 1943 1944 1945 1946 1947 1948 1949 1950 1951 1952 1953 1954 1955 1956 1957 1958 1959 1960 1961 1962 1963 1964 1965 1966 1967 1968 1969 1970 1971 1972 1973 1974 1975 1976 1977 1978 1979 1980 1981 1982 1983 1984 1985 1986 1987 1988 1989 1990 1991 1992 1993 1994 1995 1996 1997 1998 1999 2000 2001 2002 2003 2004 2005 2006 2007 2008 2009 2010 2011 2012 2013 2014 2015 2016 2017 2018 2019 2020 2021 2022 2023 2024 2025 2026 2027 2028 2029 2030 2031 2032 2033 2034 2035 2036 2037 2038 2039 2040 2041 2042 2043 2044 2045 2046 2047 2048 2049 2050 2051 2052 2053 2054 2055 2056 2057 2058 2059 2060 2061 2062 2063 2064 2065 2066 2067 2068 2069 2070 2071 2072 2073 2074 2075 2076 2077 2078 2079 2080 2081 2082 2083 2084 2085 2086 2087 2088 2089 2090 2091 2092 2093 2094 2095 2096 2097 2098 2099 2100 2101 2102 2103 2104 2105 2106 2107 2108 2109 2110 2111 2112 2113 2114 2115 2116 2117 2118 2119 2120 2121 2122 2123 2124 2125 2126 2127 2128 2129 2130 2131 2132 2133 2134 2135 2136 2137 2138 2139 2140 2141 2142 2143 2144 2145 2146 2147 2148 2149 2150 2151 ms
iv:Tf/Scatterer1/L0/Values  = 2151 1 2 3 4 5 6 7 8 9 10 11 12 13 14 15 16 17 18 19 20 21 22 23 24 25 26 27 28 29 30 31 32 33 34 35 36 37 38 39 40 41 42 43 44 45 46 47 48 49 50 51 52 53 54 55 56 57 58 59 60 61 62 63 64 65 66 67 68 69 70 71 72 73 74 75 76 77 78 79 80 81 82 83 84 85 86 87 88 89 90 91 92 93 94 95 96 97 98 99 100 101 102 103 104 105 106 107 108 109 110 111 112 113 114 115 116 117 118 119 120 121 122 123 124 125 126 127 128 129 130 131 132 133 134 135 136 137 138 139 140 141 142 143 144 145 146 147 148 149 150 151 152 153 154 155 156 157 158 159 160 161 162 163 164 165 166 167 168 169 170 171 172 173 174 175 176 177 178 179 180 181 182 183 184 185 186 187 188 189 190 191 192 193 194 195 196 197 198 199 200 201 202 203 204 205 206 207 208 209 210 211 212 213 214 215 216 217 218 219 220 221 222 223 224 225 226 227 228 229 230 231 232 233 234 235 236 237 238 239 240 241 242 243 244 245 246 247 248 249 250 251 252 253 254 255 256 257 258 259 260 261 262 263 264 265 266 267 268 269 270 271 272 273 274 275 276 277 278 279 280 281 282 283 284 285 286 287 288 289 290 291 292 293 294 295 296 297 298 299 300 301 302 303 304 305 306 307 308 309 310 311 312 313 314 315 316 317 318 319 320 321 322 323 324 325 326 327 328 329 330 331 332 333 334 335 336 337 338 339 340 341 342 343 344 345 346 347 348 349 350 351 352 353 354 355 356 357 358 359 360 361 362 363 364 365 366 367 368 369 370 371 372 373 374 375 376 377 378 379 380 381 382 383 384 385 386 387 388 389 390 391 392 393 394 395 396 397 398 399 400 401 402 403 404 405 406 407 408 409 410 411 412 413 414 415 416 417 418 419 420 421 422 423 424 425 426 427 428 429 430 431 432 433 434 435 436 437 438 439 440 441 442 443 444 445 446 447 448 449 450 451 452 453 454 455 456 457 458 459 460 461 462 463 464 465 466 467 468 469 470 471 472 473 474 475 476 477 478 479 480 481 482 483 484 485 486 487 488 489 490 491 492 493 494 495 496 497 498 499 500 501 502 503 504 505 506 507 508 509 510 511 512 513 514 515 516 517 518 519 520 521 522 523 524 525 526 527 528 529 530 531 532 533 534 535 536 537 538 539 540 541 542 543 544 545 546 547 548 549 550 551 552 553 554 555 556 557 558 559 560 561 562 563 564 565 566 567 568 569 570 571 572 573 574 575 576 577 578 579 580 581 582 583 584 585 586 587 588 589 590 591 592 593 594 595 596 597 598 599 600 601 602 603 604 605 606 607 608 609 610 611 612 613 614 615 616 617 618 619 620 621 622 623 624 625 626 627 628 629 630 631 632 633 634 635 636 637 638 639 640 641 642 643 644 645 646 647 648 649 650 651 652 653 654 655 656 657 658 659 660 661 662 663 664 665 666 667 668 669 670 671 672 673 674 675 676 677 678 679 680 681 682 683 684 685 686 687 688 689 690 691 692 693 694 695 696 697 698 699 700 701 702 703 704 705 706 707 708 709 710 711 712 713 714 715 716 717 718 719 720 721 722 723 724 725 726 727 728 729 730 731 732 733 734 735 736 737 738 739 740 741 742 743 744 745 746 747 748 749 750 751 752 753 754 755 756 757 758 759 760 761 762 763 764 765 766 767 768 769 770 771 772 773 774 775 776 777 778 779 780 781 782 783 784 785 786 787 788 789 790 791 792 793 794 795 796 797 798 799 800 801 802 803 804 805 806 807 808 809 810 811 812 813 814 815 816 817 818 819 820 821 822 823 824 825 826 827 828 829 830 831 832 833 834 835 836 837 838 839 840 841 842 843 844 845 846 847 848 849 850 851 852 853 854 855 856 857 858 859 860 861 862 863 864 865 866 867 868 869 870 871 872 873 874 875 876 877 878 879 880 881 882 883 884 885 886 887 888 889 890 891 892 893 894 895 896 897 898 899 900 901 902 903 904 905 906 907 908 909 910 911 912 913 914 915 916 917 918 919 920 921 922 923 924 925 926 927 928 929 930 931 932 933 934 935 936 937 938 939 940 941 942 943 944 945 946 947 948 949 950 951 952 953 954 955 956 957 958 959 960 961 962 963 964 965 966 967 968 969 970 971 972 973 974 975 976 977 978 979 980 981 982 983 984 985 986 987 988 989 990 991 992 993 994 995 996 997 998 999 1000 1001 1002 1003 1004 1005 1006 1007 1008 1009 1010 1011 1012 1013 1014 1015 1016 1017 1018 1019 1020 1021 1022 1023 1024 1025 1026 1027 1028 1029 1030 1031 1032 1033 1034 1035 1036 1037 1038 1039 1040 1041 1042 1043 1044 1045 1046 1047 1048 1049 1050 1051 1052 1053 1054 1055 1056 1057 1058 1059 1060 1061 1062 1063 1064 1065 1066 1067 1068 1069 1070 1071 1072 1073 1074 1075 1076 1077 1078 1079 1080 1081 1082 1083 1084 1085 1086 1087 1088 1089 1090 1091 1092 1093 1094 1095 1096 1097 1098 1099 1100 1101 1102 1103 1104 1105 1106 1107 1108 1109 1110 1111 1112 1113 1114 1115 1116 1117 1118 1119 1120 1121 1122 1123 1124 1125 1126 1127 1128 1129 1130 1131 1132 1133 1134 1135 1136 1137 1138 1139 1140 1141 1142 1143 1144 1145 1146 1147 1148 1149 1150 1151 1152 1153 1154 1155 1156 1157 1158 1159 1160 1161 1162 1163 1164 1165 1166 1167 1168 1169 1170 1171 1172 1173 1174 1175 1176 1177 1178 1179 1180 1181 1182 1183 1184 1185 1186 1187 1188 1189 1190 1191 1192 1193 1194 1195 1196 1197 1198 1199 1200 1201 1202 1203 1204 1205 1206 1207 1208 1209 1210 1211 1212 1213 1214 1215 1216 1217 1218 1219 1220 1221 1222 1223 1224 1225 1226 1227 1228 1229 1230 1231 1232 1233 1234 1235 1236 1237 1238 1239 1240 1241 1242 1243 1244 1245 1246 1247 1248 1249 1250 1251 1252 1253 1254 1255 1256 1257 1258 1259 1260 1261 1262 1263 1264 1265 1266 1267 1268 1269 1270 1271 1272 1273 1274 1275 1276 1277 1278 1279 1280 1281 1282 1283 1284 1285 1286 1287 1288 1289 1290 1291 1292 1293 1294 1295 1296 1297 1298 1299 1300 1301 1302 1303 1304 1305 1306 1307 1308 1309 1310 1311 1312 1313 1314 1315 1316 1317 1318 1319 1320 1321 1322 1323 1324 1325 1326 1327 1328 1329 1330 1331 1332 1333 1334 1335 1336 1337 1338 1339 1340 1341 1342 1343 1344 1345 1346 1347 1348 1349 1350 1351 1352 1353 1354 1355 1356 1357 1358 1359 1360 1361 1362 1363 1364 1365 1366 1367 1368 1369 1370 1371 1372 1373 1374 1375 1376 1377 1378 1379 1380 1381 1382 1383 1384 1385 1386 1387 1388 1389 1390 1391 1392 1393 1394 1395 1396 1397 1398 1399 1400 1401 1402 1403 1404 1405 1406 1407 1408 1409 1410 1411 1412 1413 1414 1415 1416 1417 1418 1419 1420 1421 1422 1423 1424 1425 1426 1427 1428 1429 1430 1431 1432 1433 1434 1435 1436 1437 1438 1439 1440 1441 1442 1443 1444 1445 1446 1447 1448 1449 1450 1451 1452 1453 1454 1455 1456 1457 1458 1459 1460 1461 1462 1463 1464 1465 1466 1467 1468 1469 1470 1471 1472 1473 1474 1475 1476 1477 1478 1479 1480 1481 1482 1483 1484 1485 1486 1487 1488 1489 1490 1491 1492 1493 1494 1495 1496 1497 1498 1499 1500 1501 1502 1503 1504 1505 1506 1507 1508 1509 1510 1511 1512 1513 1514 1515 1516 1517 1518 1519 1520 1521 1522 1523 1524 1525 1526 1527 1528 1529 1530 1531 1532 1533 1534 1535 1536 1537 1538 1539 1540 1541 1542 1543 1544 1545 1546 1547 1548 1549 1550 1551 1552 1553 1554 1555 1556 1557 1558 1559 1560 1561 1562 1563 1564 1565 1566 1567 1568 1569 1570 1571 1572 1573 1574 1575 1576 1577 1578 1579 1580 1581 1582 1583 1584 1585 1586 1587 1588 1589 1590 1591 1592 1593 1594 1595 1596 1597 1598 1599 1600 1601 1602 1603 1604 1605 1606 1607 1608 1609 1610 1611 1612 1613 1614 1615 1616 1617 1618 1619 1620 1621 1622 1623 1624 1625 1626 1627 1628 1629 1630 1631 1632 1633 1634 1635 1636 1637 1638 1639 1640 1641 1642 1643 1644 1645 1646 1647 1648 1649 1650 1651 1652 1653 1654 1655 1656 1657 1658 1659 1660 1661 1662 1663 1664 1665 1666 1667 1668 1669 1670 1671 1672 1673 1674 1675 1676 1677 1678 1679 1680 1681 1682 1683 1684 1685 1686 1687 1688 1689 1690 1691 1692 1693 1694 1695 1696 1697 1698 1699 1700 1701 1702 1703 1704 1705 1706 1707 1708 1709 1710 1711 1712 1713 1714 1715 1716 1717 1718 1719 1720 1721 1722 1723 1724 1725 1726 1727 1728 1729 1730 1731 1732 1733 1734 1735 1736 1737 1738 1739 1740 1741 1742 1743 1744 1745 1746 1747 1748 1749 1750 1751 1752 1753 1754 1755 1756 1757 1758 1759 1760 1761 1762 1763 1764 1765 1766 1767 1768 1769 1770 1771 1772 1773 1774 1775 1776 1777 1778 1779 1780 1781 1782 1783 1784 1785 1786 1787 1788 1789 1790 1791 1792 1793 1794 1795 1796 1797 1798 1799 1800 1801 1802 1803 1804 1805 1806 1807 1808 1809 1810 1811 1812 1813 1814 1815 1816 1817 1818 1819 1820 1821 1822 1823 1824 1825 1826 1827 1828 1829 1830 1831 1832 1833 1834 1835 1836 1837 1838 1839 1840 1841 1842 1843 1844 1845 1846 1847 1848 1849 1850 1851 1852 1853 1854 1855 1856 1857 1858 1859 1860 1861 1862 1863 1864 1865 1866 1867 1868 1869 1870 1871 1872 1873 1874 1875 1876 1877 1878 1879 1880 1881 1882 1883 1884 1885 1886 1887 1888 1889 1890 1891 1892 1893 1894 1895 1896 1897 1898 1899 1900 1901 1902 1903 1904 1905 1906 1907 1908 1909 1910 1911 1912 1913 1914 1915 1916 1917 1918 1919 1920 1921 1922 1923 1924 1925 1926 1927 1928 1929 1930 1931 1932 1933 1934 1935 1936 1937 1938 1939 1940 1941 1942 1943 1944 1945 1946 1947 1948 1949 1950 1951 1952 1953 1954 1955 1956 1957 1958 1959 1960 1961 1962 1963 1964 1965 1966 1967 1968 1969 1970 1971 1972 1973 1974 1975 1976 1977 1978 1979 1980 1981 1982 1983 1984 1985 1986 1987 1988 1989 1990 1991 1992 1993 1994 1995 1996 1997 1998 1999 2000 2001 2002 2003 2004 2005 2006 2007 2008 2009 2010 2011 2012 2013 2014 2015 2016 2017 2018 2019 2020 2021 2022 2023 2024 2025 2026 2027 2028 2029 2030 2031 2032 2033 2034 2035 2036 2037 2038 2039 2040 2041 2042 2043 2044 2045 2046 2047 2048 2049 2050 2051 2052 2053 2054 2055 2056 2057 2058 2059 2060 2061 2062 2063 2064 2065 2066 2067 2068 2069 2070 2071 2072 2073 2074 2075 2076 2077 2078 2079 2080 2081 2082 2083 2084 2085 2086 2087 2088 2089 2090 2091 2092 2093 2094 2095 2096 2097 2098 2099 2100 2101 2102 2103 2104 2105 2106 2107 2108 2109 2110 2111 2112 2113 2114 2115 2116 2117 2118 2119 2120 2121 2122 2123 2124 2125 2126 2127 2128 2129 2130 2131 2132 2133 2134 2135 2136 2137 2138 2139 2140 2141 2142 2143 2144 2145 2146 2147 2148 2149 2150 2151  
dv:Tf/Scatterer1/L1/Values  =  2151 50 50 50 50 53 53 53 53 56 56 56 56 56 56 56 56 56 56 56 56 56 56 56 60 60 60 60 60 60 60 60 60 60 60 60 60 60 60 63 63 63 63 63 63 63 63 63 63 63 63 63 63 63 63 63 63 63 63 63 63 63 63 63 63 63 63 63 63 63 63 66 66 66 66 66 66 66 66 66 66 66 66 66 66 66 66 66 66 66 66 66 66 66 69 69 69 69 69 69 69 69 69 69 69 69 69 69 69 69 69 69 69 69 69 69 69 69 69 69 69 69 69 69 69 69 69 69 69 69 69 69 69 69 69 69 69 69 69 69 69 69 69 69 69 69 69 69 69 69 69 69 69 69 69 69 69 72 72 72 72 72 72 72 72 72 72 72 72 72 72 72 72 72 72 72 72 72 72 72 72 72 72 72 72 72 72 72 72 72 72 72 72 72 72 72 72 72 72 75 75 75 75 75 75 75 75 75 75 75 75 75 75 75 75 75 75 75 75 75 75 75 75 75 75 75 75 75 75 75 75 75 75 75 75 75 75 75 75 75 75 75 75 75 75 75 75 75 75 75 75 75 75 75 75 75 75 75 75 75 75 75 75 75 75 75 75 75 75 75 75 75 75 75 75 75 75 75 75 75 75 75 75 75 75 75 75 75 75 75 75 75 75 75 75 75 75 75 75 75 75 75 75 77 77 77 77 77 77 77 77 77 77 77 77 77 77 77 77 77 77 77 77 77 77 77 77 77 77 77 77 77 77 77 77 77 77 77 77 77 77 77 77 77 77 77 77 77 77 77 77 77 77 77 77 77 77 77 77 77 77 77 77 77 77 77 77 80 80 80 80 80 80 80 80 80 80 80 80 80 80 80 80 80 80 80 80 80 80 80 80 80 80 80 80 80 80 80 80 80 80 80 80 80 80 80 80 80 80 80 80 80 80 80 80 80 80 80 80 80 80 80 80 80 80 80 80 80 80 80 80 80 80 80 80 80 80 80 80 80 80 80 80 80 80 80 80 80 80 80 80 80 80 80 80 80 80 80 80 80 80 80 80 80 80 80 80 80 80 80 80 80 80 80 80 80 80 80 80 80 80 80 80 80 80 80 80 80 80 80 80 80 80 80 80 80 80 80 80 80 80 80 80 80 80 80 80 80 80 80 80 80 80 80 80 80 80 80 80 80 80 80 80 80 80 80 83 83 83 83 83 83 83 83 83 83 83 83 83 83 83 83 83 83 83 83 83 83 83 83 83 83 83 83 83 83 83 83 83 83 83 83 83 83 83 83 83 83 83 83 83 83 83 83 83 83 83 83 83 83 83 83 83 83 83 83 83 83 83 83 83 83 83 83 83 83 83 83 83 83 83 83 83 83 83 83 83 83 83 83 83 83 83 83 83 83 83 83 83 83 83 83 83 83 83 83 83 83 83 83 83 83 83 83 83 83 83 83 83 83 83 83 83 83 83 83 83 83 83 83 83 83 83 83 83 83 83 83 83 83 83 83 83 83 83 83 83 83 83 83 83 83 83 83 83 83 85 85 85 85 85 85 85 85 85 85 85 85 85 85 85 85 85 85 85 85 85 85 85 85 85 85 85 85 85 85 85 85 85 85 85 85 85 85 85 85 85 85 85 85 85 85 85 85 85 85 85 85 85 85 85 85 85 85 85 85 85 85 85 85 85 85 85 85 85 85 85 85 85 85 85 85 85 85 85 85 85 85 85 85 85 85 85 85 85 85 85 85 85 85 85 85 85 85 85 85 85 85 85 85 85 85 85 85 85 85 85 85 85 85 85 85 85 85 85 85 88 88 88 88 88 88 88 88 88 88 88 88 88 88 88 88 88 88 88 88 88 88 88 88 88 88 88 88 88 88 88 88 88 88 88 88 88 88 88 88 88 88 88 88 88 88 88 88 88 88 88 88 88 88 88 88 88 88 88 88 88 88 88 88 88 88 88 88 88 88 88 88 88 88 88 88 88 88 88 88 88 88 88 88 88 90 90 90 90 90 90 90 90 90 90 90 90 90 90 90 90 90 90 90 90 90 90 90 90 90 90 90 90 90 90 90 90 90 90 90 90 90 90 90 90 90 90 90 90 90 90 90 90 90 90 90 90 90 90 90 90 90 90 90 90 90 90 90 90 90 90 90 90 90 90 90 90 90 90 90 90 90 90 90 90 90 90 90 90 90 90 90 90 90 90 90 90 90 90 90 90 90 90 90 90 90 90 90 90 90 92 92 92 92 92 92 92 92 92 92 92 92 92 92 92 92 92 92 92 92 92 92 92 92 92 92 92 92 92 92 92 92 92 92 92 92 92 92 92 92 92 92 92 92 92 92 92 92 92 92 92 92 92 92 92 92 92 92 92 92 92 92 92 92 92 92 92 92 92 92 92 92 92 92 92 92 92 92 92 92 92 92 92 92 92 92 92 92 92 92 92 92 92 92 92 92 92 92 92 92 92 92 92 92 92 92 92 92 92 92 92 92 92 92 92 92 92 92 92 92 92 92 92 92 92 92 92 92 92 92 92 92 92 92 92 92 92 92 92 92 92 92 95 95 95 95 95 95 95 95 95 95 95 95 95 95 95 95 95 95 95 95 95 95 95 95 95 95 95 95 95 95 95 95 95 95 95 95 95 95 95 95 95 95 95 95 95 95 95 95 95 95 95 95 95 95 95 95 95 95 95 95 95 95 95 95 95 95 95 95 95 95 95 95 95 95 95 95 95 95 95 95 95 95 95 95 95 95 95 95 95 95 95 95 95 95 95 95 95 95 95 95 95 95 95 95 95 95 95 95 95 95 95 95 95 95 95 95 95 95 95 95 95 95 95 95 95 95 95 95 95 95 95 95 95 95 95 95 95 95 95 95 95 95 95 95 95 95 95 95 95 95 95 95 95 95 95 95 95 95 95 95 95 95 95 95 95 95 95 95 95 95 95 95 95 95 95 95 95 95 95 95 95 95 95 95 95 95 95 95 95 95 95 95 95 95 95 95 95 95 95 95 95 95 95 95 95 95 95 95 95 95 95 95 95 95 95 95 95 95 95 95 95 95 95 95 95 95 95 95 95 95 95 95 95 95 95 95 95 95 95 95 95 95 95 95 95 95 95 97 97 97 97 97 97 97 97 97 97 97 97 97 97 97 97 97 97 97 97 97 97 97 97 97 97 97 97 97 97 97 97 97 97 97 97 97 97 97 97 97 97 97 97 97 97 97 97 97 97 97 97 97 97 97 97 97 97 97 97 97 97 97 97 97 97 97 97 97 97 97 97 97 97 97 97 97 97 97 97 97 97 97 97 97 97 97 97 97 97 97 97 97 97 97 97 97 97 97 97 97 97 97 97 97 97 97 97 97 97 97 97 97 97 97 97 97 97 97 97 97 97 97 97 97 97 99 99 99 99 99 99 99 99 99 99 99 99 99 99 99 99 99 99 99 99 99 99 99 99 99 99 99 99 99 99 99 99 99 99 99 99 99 99 99 99 99 99 99 99 99 99 99 99 99 99 99 99 99 99 99 99 99 99 99 99 99 99 99 99 99 99 99 99 99 99 99 99 99 99 99 99 99 99 99 99 99 99 99 99 99 99 99 99 99 99 99 99 99 99 99 99 99 99 99 99 99 99 99 99 99 99 99 99 99 99 99 99 99 99 99 99 99 99 101 101 101 101 101 101 101 101 101 101 101 101 101 101 101 101 101 101 101 101 101 101 101 101 101 101 101 101 101 101 101 101 101 101 101 101 101 101 101 101 101 101 101 101 101 101 101 101 101 101 101 101 101 101 101 101 101 101 101 101 101 101 101 101 101 101 101 101 101 101 101 101 101 101 101 101 101 101 101 101 101 101 101 101 101 101 101 101 101 101 101 101 101 101 101 101 101 101 101 101 101 101 101 101 101 101 101 101 101 101 101 101 101 101 101 101 101 104 104 104 104 104 104 104 104 104 104 104 104 104 104 104 104 104 104 104 104 104 104 104 104 104 104 104 104 104 104 104 104 104 104 104 104 104 104 104 104 104 104 104 104 104 104 104 104 104 104 104 104 104 104 104 104 104 104 104 104 104 104 104 104 104 104 104 104 104 104 104 104 104 104 104 104 104 104 104 104 104 104 104 104 104 104 104 104 104 104 104 104 104 104 104 104 104 104 104 104 104 104 104 104 104 104 104 104 104 104 104 104 104 104 104 104 104 104 104 104 104 104 104 104 104 104 104 104 104 104 104 104 104 104 104 104 104 104 104 104 104 104 104 104 104 104 104 104 104 104 104 104 104 104 104 104 104 104 104 104 104 104 104 104 106 106 106 106 106 106 106 106 106 106 106 106 106 106 106 106 106 106 106 106 106 106 106 106 106 106 106 106 106 106 106 106 106 106 106 106 106 106 106 106 106 106 106 106 106 106 106 106 106 106 106 106 106 106 106 106 106 106 106 106 106 106 106 106 106 106 106 106 106 106 106 106 106 106 106 106 106 106 106 106 106 106 106 106 106 106 108 108 108 108 108 108 108 108 108 108 108 108 108 108 108 108 108 108 108 108 108 108 108 108 108 108 108 108 108 108 108 108 108 108 108 108 108 108 108 108 108 108 108 108 108 108 108 108 108 108 108 108 108 108 108 108 108 108 108 108 108 108 108 108 108 108 108 108 108 108 108 108 108 108 108 108 108 108 108 108 108 108 108 108 108 108 108 108 108 108 108 108 108 108 108 108 108 108 110 110 110 110 110 110 110 110 110 110 110 110 110 110 110 110 110 110 110 110 110 110 110 110 110 110 110 110 110 110 110 110 110 110 110 110 110 110 110 110 110 110 112 112 112 112 112 112 112 112 112 112 112 112 112 112 112 112 112 112 112 112 114 114 114 114 114 114 MeV
dv:Tf/Scatterer1/L2/Values  =  2151 50 50 50 50 53 53 53 53 56 56 56 56 56 56 56 56 56 56 56 56 56 56 56 60 60 60 60 60 60 60 60 60 60 60 60 60 60 60 63 63 63 63 63 63 63 63 63 63 63 63 63 63 63 63 63 63 63 63 63 63 63 63 63 63 63 63 63 63 63 63 66 66 66 66 66 66 66 66 66 66 66 66 66 66 66 66 66 66 66 66 66 66 66 69 69 69 69 69 69 69 69 69 69 69 69 69 69 69 69 69 69 69 69 69 69 69 69 69 69 69 69 69 69 69 69 69 69 69 69 69 69 69 69 69 69 69 69 69 69 69 69 69 69 69 69 69 69 69 69 69 69 69 69 69 69 69 72.4132 72.4132 72.4132 72.4132 72.4132 72.4132 72.4132 72.4132 72.4132 72.4132 72.4132 72.4132 72.4132 72.4132 72.4132 72.4132 72.4132 72.4132 72.4132 72.4132 72.4132 72.4132 72.4132 72.4132 72.4132 72.4132 72.4132 72.4132 72.4132 72.4132 72.4132 72.4132 72.4132 72.4132 72.4132 72.4132 72.4132 72.4132 72.4132 72.4132 72.4132 72.4132 75.3934 75.3934 75.3934 75.3934 75.3934 75.3934 75.3934 75.3934 75.3934 75.3934 75.3934 75.3934 75.3934 75.3934 75.3934 75.3934 75.3934 75.3934 75.3934 75.3934 75.3934 75.3934 75.3934 75.3934 75.3934 75.3934 75.3934 75.3934 75.3934 75.3934 75.3934 75.3934 75.3934 75.3934 75.3934 75.3934 75.3934 75.3934 75.3934 75.3934 75.3934 75.3934 75.3934 75.3934 75.3934 75.3934 75.3934 75.3934 75.3934 75.3934 75.3934 75.3934 75.3934 75.3934 75.3934 75.3934 75.3934 75.3934 75.3934 75.3934 75.3934 75.3934 75.3934 75.3934 75.3934 75.3934 75.3934 75.3934 75.3934 75.3934 75.3934 75.3934 75.3934 75.3934 75.3934 75.3934 75.3934 75.3934 75.3934 75.3934 75.3934 75.3934 75.3934 75.3934 75.3934 75.3934 75.3934 75.3934 75.3934 75.3934 75.3934 75.3934 75.3934 75.3934 75.3934 75.3934 75.3934 75.3934 75.3934 75.3934 75.3934 75.3934 75.3934 75.3934 77.3802 77.3802 77.3802 77.3802 77.3802 77.3802 77.3802 77.3802 77.3802 77.3802 77.3802 77.3802 77.3802 77.3802 77.3802 77.3802 77.3802 77.3802 77.3802 77.3802 77.3802 77.3802 77.3802 77.3802 77.3802 77.3802 77.3802 77.3802 77.3802 77.3802 77.3802 77.3802 77.3802 77.3802 77.3802 77.3802 77.3802 77.3802 77.3802 77.3802 77.3802 77.3802 77.3802 77.3802 77.3802 77.3802 77.3802 77.3802 77.3802 77.3802 77.3802 77.3802 77.3802 77.3802 77.3802 77.3802 77.3802 77.3802 77.3802 77.3802 77.3802 77.3802 77.3802 77.3802 80.3604 80.3604 80.3604 80.3604 80.3604 80.3604 80.3604 80.3604 80.3604 80.3604 80.3604 80.3604 80.3604 80.3604 80.3604 80.3604 80.3604 80.3604 80.3604 80.3604 80.3604 80.3604 80.3604 80.3604 80.3604 80.3604 80.3604 80.3604 80.3604 80.3604 80.3604 80.3604 80.3604 80.3604 80.3604 80.3604 80.3604 80.3604 80.3604 80.3604 80.3604 80.3604 80.3604 80.3604 80.3604 80.3604 80.3604 80.3604 80.3604 80.3604 80.3604 80.3604 80.3604 80.3604 80.3604 80.3604 80.3604 80.3604 80.3604 80.3604 80.3604 80.3604 80.3604 80.3604 80.3604 80.3604 80.3604 80.3604 80.3604 80.3604 80.3604 80.3604 80.3604 80.3604 80.3604 80.3604 80.3604 80.3604 80.3604 80.3604 80.3604 80.3604 80.3604 80.3604 80.3604 80.3604 80.3604 80.3604 80.3604 80.3604 80.3604 80.3604 80.3604 80.3604 80.3604 80.3604 80.3604 80.3604 80.3604 80.3604 80.3604 80.3604 80.3604 80.3604 80.3604 80.3604 80.3604 80.3604 80.3604 80.3604 80.3604 80.3604 80.3604 80.3604 80.3604 80.3604 80.3604 80.3604 80.3604 80.3604 80.3604 80.3604 80.3604 80.3604 80.3604 80.3604 80.3604 80.3604 80.3604 80.3604 80.3604 80.3604 80.3604 80.3604 80.3604 80.3604 80.3604 80.3604 80.3604 80.3604 80.3604 80.3604 80.3604 80.3604 80.3604 80.3604 80.3604 80.3604 80.3604 80.3604 80.3604 80.3604 80.3604 80.3604 80.3604 80.3604 80.3604 80.3604 80.3604 83.32788 83.32788 83.32788 83.32788 83.32788 83.32788 83.32788 83.32788 83.32788 83.32788 83.32788 83.32788 83.32788 83.32788 83.32788 83.32788 83.32788 83.32788 83.32788 83.32788 83.32788 83.32788 83.32788 83.32788 83.32788 83.32788 83.32788 83.32788 83.32788 83.32788 83.32788 83.32788 83.32788 83.32788 83.32788 83.32788 83.32788 83.32788 83.32788 83.32788 83.32788 83.32788 83.32788 83.32788 83.32788 83.32788 83.32788 83.32788 83.32788 83.32788 83.32788 83.32788 83.32788 83.32788 83.32788 83.32788 83.32788 83.32788 83.32788 83.32788 83.32788 83.32788 83.32788 83.32788 83.32788 83.32788 83.32788 83.32788 83.32788 83.32788 83.32788 83.32788 83.32788 83.32788 83.32788 83.32788 83.32788 83.32788 83.32788 83.32788 83.32788 83.32788 83.32788 83.32788 83.32788 83.32788 83.32788 83.32788 83.32788 83.32788 83.32788 83.32788 83.32788 83.32788 83.32788 83.32788 83.32788 83.32788 83.32788 83.32788 83.32788 83.32788 83.32788 83.32788 83.32788 83.32788 83.32788 83.32788 83.32788 83.32788 83.32788 83.32788 83.32788 83.32788 83.32788 83.32788 83.32788 83.32788 83.32788 83.32788 83.32788 83.32788 83.32788 83.32788 83.32788 83.32788 83.32788 83.32788 83.32788 83.32788 83.32788 83.32788 83.32788 83.32788 83.32788 83.32788 83.32788 83.32788 83.32788 83.32788 83.32788 83.32788 83.32788 83.32788 83.32788 83.32788 83.32788 83.32788 83.32788 83.32788 85.3062 85.3062 85.3062 85.3062 85.3062 85.3062 85.3062 85.3062 85.3062 85.3062 85.3062 85.3062 85.3062 85.3062 85.3062 85.3062 85.3062 85.3062 85.3062 85.3062 85.3062 85.3062 85.3062 85.3062 85.3062 85.3062 85.3062 85.3062 85.3062 85.3062 85.3062 85.3062 85.3062 85.3062 85.3062 85.3062 85.3062 85.3062 85.3062 85.3062 85.3062 85.3062 85.3062 85.3062 85.3062 85.3062 85.3062 85.3062 85.3062 85.3062 85.3062 85.3062 85.3062 85.3062 85.3062 85.3062 85.3062 85.3062 85.3062 85.3062 85.3062 85.3062 85.3062 85.3062 85.3062 85.3062 85.3062 85.3062 85.3062 85.3062 85.3062 85.3062 85.3062 85.3062 85.3062 85.3062 85.3062 85.3062 85.3062 85.3062 85.3062 85.3062 85.3062 85.3062 85.3062 85.3062 85.3062 85.3062 85.3062 85.3062 85.3062 85.3062 85.3062 85.3062 85.3062 85.3062 85.3062 85.3062 85.3062 85.3062 85.3062 85.3062 85.3062 85.3062 85.3062 85.3062 85.3062 85.3062 85.3062 85.3062 85.3062 85.3062 85.3062 85.3062 85.3062 85.3062 85.3062 85.3062 85.3062 85.3062 88.27368 88.27368 88.27368 88.27368 88.27368 88.27368 88.27368 88.27368 88.27368 88.27368 88.27368 88.27368 88.27368 88.27368 88.27368 88.27368 88.27368 88.27368 88.27368 88.27368 88.27368 88.27368 88.27368 88.27368 88.27368 88.27368 88.27368 88.27368 88.27368 88.27368 88.27368 88.27368 88.27368 88.27368 88.27368 88.27368 88.27368 88.27368 88.27368 88.27368 88.27368 88.27368 88.27368 88.27368 88.27368 88.27368 88.27368 88.27368 88.27368 88.27368 88.27368 88.27368 88.27368 88.27368 88.27368 88.27368 88.27368 88.27368 88.27368 88.27368 88.27368 88.27368 88.27368 88.27368 88.27368 88.27368 88.27368 88.27368 88.27368 88.27368 88.27368 88.27368 88.27368 88.27368 88.27368 88.27368 88.27368 88.27368 88.27368 88.27368 88.27368 88.27368 88.27368 88.27368 88.27368 90.252 90.252 90.252 90.252 90.252 90.252 90.252 90.252 90.252 90.252 90.252 90.252 90.252 90.252 90.252 90.252 90.252 90.252 90.252 90.252 90.252 90.252 90.252 90.252 90.252 90.252 90.252 90.252 90.252 90.252 90.252 90.252 90.252 90.252 90.252 90.252 90.252 90.252 90.252 90.252 90.252 90.252 90.252 90.252 90.252 90.252 90.252 90.252 90.252 90.252 90.252 90.252 90.252 90.252 90.252 90.252 90.252 90.252 90.252 90.252 90.252 90.252 90.252 90.252 90.252 90.252 90.252 90.252 90.252 90.252 90.252 90.252 90.252 90.252 90.252 90.252 90.252 90.252 90.252 90.252 90.252 90.252 90.252 90.252 90.252 90.252 90.252 90.252 90.252 90.252 90.252 90.252 90.252 90.252 90.252 90.252 90.252 90.252 90.252 90.252 90.252 90.252 90.252 90.252 90.252 92.25088 92.25088 92.25088 92.25088 92.25088 92.25088 92.25088 92.25088 92.25088 92.25088 92.25088 92.25088 92.25088 92.25088 92.25088 92.25088 92.25088 92.25088 92.25088 92.25088 92.25088 92.25088 92.25088 92.25088 92.25088 92.25088 92.25088 92.25088 92.25088 92.25088 92.25088 92.25088 92.25088 92.25088 92.25088 92.25088 92.25088 92.25088 92.25088 92.25088 92.25088 92.25088 92.25088 92.25088 92.25088 92.25088 92.25088 92.25088 92.25088 92.25088 92.25088 92.25088 92.25088 92.25088 92.25088 92.25088 92.25088 92.25088 92.25088 92.25088 92.25088 92.25088 92.25088 92.25088 92.25088 92.25088 92.25088 92.25088 92.25088 92.25088 92.25088 92.25088 92.25088 92.25088 92.25088 92.25088 92.25088 92.25088 92.25088 92.25088 92.25088 92.25088 92.25088 92.25088 92.25088 92.25088 92.25088 92.25088 92.25088 92.25088 92.25088 92.25088 92.25088 92.25088 92.25088 92.25088 92.25088 92.25088 92.25088 92.25088 92.25088 92.25088 92.25088 92.25088 92.25088 92.25088 92.25088 92.25088 92.25088 92.25088 92.25088 92.25088 92.25088 92.25088 92.25088 92.25088 92.25088 92.25088 92.25088 92.25088 92.25088 92.25088 92.25088 92.25088 92.25088 92.25088 92.25088 92.25088 92.25088 92.25088 92.25088 92.25088 92.25088 92.25088 92.25088 92.25088 92.25088 92.25088 92.25088 92.25088 92.25088 92.25088 95.2492 95.2492 95.2492 95.2492 95.2492 95.2492 95.2492 95.2492 95.2492 95.2492 95.2492 95.2492 95.2492 95.2492 95.2492 95.2492 95.2492 95.2492 95.2492 95.2492 95.2492 95.2492 95.2492 95.2492 95.2492 95.2492 95.2492 95.2492 95.2492 95.2492 95.2492 95.2492 95.2492 95.2492 95.2492 95.2492 95.2492 95.2492 95.2492 95.2492 95.2492 95.2492 95.2492 95.2492 95.2492 95.2492 95.2492 95.2492 95.2492 95.2492 95.2492 95.2492 95.2492 95.2492 95.2492 95.2492 95.2492 95.2492 95.2492 95.2492 95.2492 95.2492 95.2492 95.2492 95.2492 95.2492 95.2492 95.2492 95.2492 95.2492 95.2492 95.2492 95.2492 95.2492 95.2492 95.2492 95.2492 95.2492 95.2492 95.2492 95.2492 95.2492 95.2492 95.2492 95.2492 95.2492 95.2492 95.2492 95.2492 95.2492 95.2492 95.2492 95.2492 95.2492 95.2492 95.2492 95.2492 95.2492 95.2492 95.2492 95.2492 95.2492 95.2492 95.2492 95.2492 95.2492 95.2492 95.2492 95.2492 95.2492 95.2492 95.2492 95.2492 95.2492 95.2492 95.2492 95.2492 95.2492 95.2492 95.2492 95.2492 95.2492 95.2492 95.2492 95.2492 95.2492 95.2492 95.2492 95.2492 95.2492 95.2492 95.2492 95.2492 95.2492 95.2492 95.2492 95.2492 95.2492 95.2492 95.2492 95.2492 95.2492 95.2492 95.2492 95.2492 95.2492 95.2492 95.2492 95.2492 95.2492 95.2492 95.2492 95.2492 95.2492 95.2492 95.2492 95.2492 95.2492 95.2492 95.2492 95.2492 95.2492 95.2492 95.2492 95.2492 95.2492 95.2492 95.2492 95.2492 95.2492 95.2492 95.2492 95.2492 95.2492 95.2492 95.2492 95.2492 95.2492 95.2492 95.2492 95.2492 95.2492 95.2492 95.2492 95.2492 95.2492 95.2492 95.2492 95.2492 95.2492 95.2492 95.2492 95.2492 95.2492 95.2492 95.2492 95.2492 95.2492 95.2492 95.2492 95.2492 95.2492 95.2492 95.2492 95.2492 95.2492 95.2492 95.2492 95.2492 95.2492 95.2492 95.2492 95.2492 95.2492 95.2492 95.2492 95.2492 95.2492 95.2492 95.2492 95.2492 95.2492 95.2492 95.2492 95.2492 95.2492 95.2492 95.2492 95.2492 95.2492 95.2492 95.2492 95.2492 95.2492 95.2492 95.2492 95.2492 95.2492 95.2492 95.2492 95.2492 95.2492 95.2492 95.2492 95.2492 95.2492 95.2492 97.24808 97.24808 97.24808 97.24808 97.24808 97.24808 97.24808 97.24808 97.24808 97.24808 97.24808 97.24808 97.24808 97.24808 97.24808 97.24808 97.24808 97.24808 97.24808 97.24808 97.24808 97.24808 97.24808 97.24808 97.24808 97.24808 97.24808 97.24808 97.24808 97.24808 97.24808 97.24808 97.24808 97.24808 97.24808 97.24808 97.24808 97.24808 97.24808 97.24808 97.24808 97.24808 97.24808 97.24808 97.24808 97.24808 97.24808 97.24808 97.24808 97.24808 97.24808 97.24808 97.24808 97.24808 97.24808 97.24808 97.24808 97.24808 97.24808 97.24808 97.24808 97.24808 97.24808 97.24808 97.24808 97.24808 97.24808 97.24808 97.24808 97.24808 97.24808 97.24808 97.24808 97.24808 97.24808 97.24808 97.24808 97.24808 97.24808 97.24808 97.24808 97.24808 97.24808 97.24808 97.24808 97.24808 97.24808 97.24808 97.24808 97.24808 97.24808 97.24808 97.24808 97.24808 97.24808 97.24808 97.24808 97.24808 97.24808 97.24808 97.24808 97.24808 97.24808 97.24808 97.24808 97.24808 97.24808 97.24808 97.24808 97.24808 97.24808 97.24808 97.24808 97.24808 97.24808 97.24808 97.24808 97.24808 97.24808 97.24808 97.24808 97.24808 97.24808 97.24808 97.24808 97.24808 99.24696 99.24696 99.24696 99.24696 99.24696 99.24696 99.24696 99.24696 99.24696 99.24696 99.24696 99.24696 99.24696 99.24696 99.24696 99.24696 99.24696 99.24696 99.24696 99.24696 99.24696 99.24696 99.24696 99.24696 99.24696 99.24696 99.24696 99.24696 99.24696 99.24696 99.24696 99.24696 99.24696 99.24696 99.24696 99.24696 99.24696 99.24696 99.24696 99.24696 99.24696 99.24696 99.24696 99.24696 99.24696 99.24696 99.24696 99.24696 99.24696 99.24696 99.24696 99.24696 99.24696 99.24696 99.24696 99.24696 99.24696 99.24696 99.24696 99.24696 99.24696 99.24696 99.24696 99.24696 99.24696 99.24696 99.24696 99.24696 99.24696 99.24696 99.24696 99.24696 99.24696 99.24696 99.24696 99.24696 99.24696 99.24696 99.24696 99.24696 99.24696 99.24696 99.24696 99.24696 99.24696 99.24696 99.24696 99.24696 99.24696 99.24696 99.24696 99.24696 99.24696 99.24696 99.24696 99.24696 99.24696 99.24696 99.24696 99.24696 99.24696 99.24696 99.24696 99.24696 99.24696 99.24696 99.24696 99.24696 99.24696 99.24696 99.24696 99.24696 99.24696 99.24696 99.24696 99.24696 99.24696 99.24696 101.2307 101.2307 101.2307 101.2307 101.2307 101.2307 101.2307 101.2307 101.2307 101.2307 101.2307 101.2307 101.2307 101.2307 101.2307 101.2307 101.2307 101.2307 101.2307 101.2307 101.2307 101.2307 101.2307 101.2307 101.2307 101.2307 101.2307 101.2307 101.2307 101.2307 101.2307 101.2307 101.2307 101.2307 101.2307 101.2307 101.2307 101.2307 101.2307 101.2307 101.2307 101.2307 101.2307 101.2307 101.2307 101.2307 101.2307 101.2307 101.2307 101.2307 101.2307 101.2307 101.2307 101.2307 101.2307 101.2307 101.2307 101.2307 101.2307 101.2307 101.2307 101.2307 101.2307 101.2307 101.2307 101.2307 101.2307 101.2307 101.2307 101.2307 101.2307 101.2307 101.2307 101.2307 101.2307 101.2307 101.2307 101.2307 101.2307 101.2307 101.2307 101.2307 101.2307 101.2307 101.2307 101.2307 101.2307 101.2307 101.2307 101.2307 101.2307 101.2307 101.2307 101.2307 101.2307 101.2307 101.2307 101.2307 101.2307 101.2307 101.2307 101.2307 101.2307 101.2307 101.2307 101.2307 101.2307 101.2307 101.2307 101.2307 101.2307 101.2307 101.2307 101.2307 101.2307 101.2307 101.2307 104.1836 104.1836 104.1836 104.1836 104.1836 104.1836 104.1836 104.1836 104.1836 104.1836 104.1836 104.1836 104.1836 104.1836 104.1836 104.1836 104.1836 104.1836 104.1836 104.1836 104.1836 104.1836 104.1836 104.1836 104.1836 104.1836 104.1836 104.1836 104.1836 104.1836 104.1836 104.1836 104.1836 104.1836 104.1836 104.1836 104.1836 104.1836 104.1836 104.1836 104.1836 104.1836 104.1836 104.1836 104.1836 104.1836 104.1836 104.1836 104.1836 104.1836 104.1836 104.1836 104.1836 104.1836 104.1836 104.1836 104.1836 104.1836 104.1836 104.1836 104.1836 104.1836 104.1836 104.1836 104.1836 104.1836 104.1836 104.1836 104.1836 104.1836 104.1836 104.1836 104.1836 104.1836 104.1836 104.1836 104.1836 104.1836 104.1836 104.1836 104.1836 104.1836 104.1836 104.1836 104.1836 104.1836 104.1836 104.1836 104.1836 104.1836 104.1836 104.1836 104.1836 104.1836 104.1836 104.1836 104.1836 104.1836 104.1836 104.1836 104.1836 104.1836 104.1836 104.1836 104.1836 104.1836 104.1836 104.1836 104.1836 104.1836 104.1836 104.1836 104.1836 104.1836 104.1836 104.1836 104.1836 104.1836 104.1836 104.1836 104.1836 104.1836 104.1836 104.1836 104.1836 104.1836 104.1836 104.1836 104.1836 104.1836 104.1836 104.1836 104.1836 104.1836 104.1836 104.1836 104.1836 104.1836 104.1836 104.1836 104.1836 104.1836 104.1836 104.1836 104.1836 104.1836 104.1836 104.1836 104.1836 104.1836 104.1836 104.1836 104.1836 104.1836 104.1836 104.1836 104.1836 104.1836 104.1836 104.1836 104.1836 104.1836 104.1836 104.1836 106.1522 106.1522 106.1522 106.1522 106.1522 106.1522 106.1522 106.1522 106.1522 106.1522 106.1522 106.1522 106.1522 106.1522 106.1522 106.1522 106.1522 106.1522 106.1522 106.1522 106.1522 106.1522 106.1522 106.1522 106.1522 106.1522 106.1522 106.1522 106.1522 106.1522 106.1522 106.1522 106.1522 106.1522 106.1522 106.1522 106.1522 106.1522 106.1522 106.1522 106.1522 106.1522 106.1522 106.1522 106.1522 106.1522 106.1522 106.1522 106.1522 106.1522 106.1522 106.1522 106.1522 106.1522 106.1522 106.1522 106.1522 106.1522 106.1522 106.1522 106.1522 106.1522 106.1522 106.1522 106.1522 106.1522 106.1522 106.1522 106.1522 106.1522 106.1522 106.1522 106.1522 106.1522 106.1522 106.1522 106.1522 106.1522 106.1522 106.1522 106.1522 106.1522 106.1522 106.1522 106.1522 106.1522 108.1208 108.1208 108.1208 108.1208 108.1208 108.1208 108.1208 108.1208 108.1208 108.1208 108.1208 108.1208 108.1208 108.1208 108.1208 108.1208 108.1208 108.1208 108.1208 108.1208 108.1208 108.1208 108.1208 108.1208 108.1208 108.1208 108.1208 108.1208 108.1208 108.1208 108.1208 108.1208 108.1208 108.1208 108.1208 108.1208 108.1208 108.1208 108.1208 108.1208 108.1208 108.1208 108.1208 108.1208 108.1208 108.1208 108.1208 108.1208 108.1208 108.1208 108.1208 108.1208 108.1208 108.1208 108.1208 108.1208 108.1208 108.1208 108.1208 108.1208 108.1208 108.1208 108.1208 108.1208 108.1208 108.1208 108.1208 108.1208 108.1208 108.1208 108.1208 108.1208 108.1208 108.1208 108.1208 108.1208 108.1208 108.1208 108.1208 108.1208 108.1208 108.1208 108.1208 108.1208 108.1208 108.1208 108.1208 108.1208 108.1208 108.1208 108.1208 108.1208 108.1208 108.1208 108.1208 108.1208 108.1208 108.1208 110.0894 110.0894 110.0894 110.0894 110.0894 110.0894 110.0894 110.0894 110.0894 110.0894 110.0894 110.0894 110.0894 110.0894 110.0894 110.0894 110.0894 110.0894 110.0894 110.0894 110.0894 110.0894 110.0894 110.0894 110.0894 110.0894 110.0894 110.0894 110.0894 110.0894 110.0894 110.0894 110.0894 110.0894 110.0894 110.0894 110.0894 110.0894 110.0894 110.0894 110.0894 110.0894 112.09372 112.09372 112.09372 112.09372 112.09372 112.09372 112.09372 112.09372 112.09372 112.09372 112.09372 112.09372 112.09372 112.09372 112.09372 112.09372 112.09372 112.09372 112.09372 112.09372 114.09804 114.09804 114.09804 114.09804 114.09804 114.09804 MeV
uv:Tf/Scatterer1/L3/Values  =  2151 0.8043 0.8043 0.8043 0.8043 0.8043 0.8043 0.8043 0.8043 0.8043 0.8043 0.8043 0.8043 0.8043 0.8043 0.8043 0.8043 0.8043 0.8043 0.8043 0.8043 0.8043 0.8043 0.8043 0.8043 0.8043 0.8043 0.8043 0.8043 0.8043 0.8043 0.8043 0.8043 0.8043 0.8043 0.8043 0.8043 0.8043 0.8043 0.8043 0.8043 0.8043 0.8043 0.8043 0.8043 0.8043 0.8043 0.8043 0.8043 0.8043 0.8043 0.8043 0.8043 0.8043 0.8043 0.8043 0.8043 0.8043 0.8043 0.8043 0.8043 0.8043 0.8043 0.8043 0.8043 0.8043 0.8043 0.8043 0.8043 0.8043 0.8043 0.8043 0.8043 0.8043 0.8043 0.8043 0.8043 0.8043 0.8043 0.8043 0.8043 0.8043 0.8043 0.8043 0.8043 0.8043 0.8043 0.8043 0.8043 0.8043 0.8043 0.8043 0.8043 0.8043 0.8043 0.8043 0.8043 0.8043 0.8043 0.8043 0.8043 0.8043 0.8043 0.8043 0.8043 0.8043 0.8043 0.8043 0.8043 0.8043 0.8043 0.8043 0.8043 0.8043 0.8043 0.8043 0.8043 0.8043 0.8043 0.8043 0.8043 0.8043 0.8043 0.8043 0.8043 0.8043 0.8043 0.8043 0.8043 0.8043 0.8043 0.8043 0.8043 0.8043 0.8043 0.8043 0.8043 0.8043 0.8043 0.8043 0.8043 0.8043 0.8043 0.8043 0.8043 0.8043 0.8043 0.8043 0.8043 0.8043 0.8043 0.8043 0.8043 0.8043 0.8043 0.8043 0.8043 0.8097 0.8097 0.8097 0.8097 0.8097 0.8097 0.8097 0.8097 0.8097 0.8097 0.8097 0.8097 0.8097 0.8097 0.8097 0.8097 0.8097 0.8097 0.8097 0.8097 0.8097 0.8097 0.8097 0.8097 0.8097 0.8097 0.8097 0.8097 0.8097 0.8097 0.8097 0.8097 0.8097 0.8097 0.8097 0.8097 0.8097 0.8097 0.8097 0.8097 0.8097 0.8097 0.8043 0.8043 0.8043 0.8043 0.8043 0.8043 0.8043 0.8043 0.8043 0.8043 0.8043 0.8043 0.8043 0.8043 0.8043 0.8043 0.8043 0.8043 0.8043 0.8043 0.8043 0.8043 0.8043 0.8043 0.8043 0.8043 0.8043 0.8043 0.8043 0.8043 0.8043 0.8043 0.8043 0.8043 0.8043 0.8043 0.8043 0.8043 0.8043 0.8043 0.8043 0.8043 0.8043 0.8043 0.8043 0.8043 0.8043 0.8043 0.8043 0.8043 0.8043 0.8043 0.8043 0.8043 0.8043 0.8043 0.8043 0.8043 0.8043 0.8043 0.8043 0.8043 0.8043 0.8043 0.8043 0.8043 0.8043 0.8043 0.8043 0.8043 0.8043 0.8043 0.8043 0.8043 0.8043 0.8043 0.8043 0.8043 0.8043 0.8043 0.8043 0.8043 0.8043 0.8043 0.8043 0.8043 0.8043 0.8043 0.8043 0.8043 0.8043 0.8043 0.8043 0.8043 0.8043 0.8043 0.8043 0.8043 0.8043 0.8043 0.8043 0.8043 0.8043 0.8043 0.8007 0.8007 0.8007 0.8007 0.8007 0.8007 0.8007 0.8007 0.8007 0.8007 0.8007 0.8007 0.8007 0.8007 0.8007 0.8007 0.8007 0.8007 0.8007 0.8007 0.8007 0.8007 0.8007 0.8007 0.8007 0.8007 0.8007 0.8007 0.8007 0.8007 0.8007 0.8007 0.8007 0.8007 0.8007 0.8007 0.8007 0.8007 0.8007 0.8007 0.8007 0.8007 0.8007 0.8007 0.8007 0.8007 0.8007 0.8007 0.8007 0.8007 0.8007 0.8007 0.8007 0.8007 0.8007 0.8007 0.8007 0.8007 0.8007 0.8007 0.8007 0.8007 0.8007 0.8007 0.7953 0.7953 0.7953 0.7953 0.7953 0.7953 0.7953 0.7953 0.7953 0.7953 0.7953 0.7953 0.7953 0.7953 0.7953 0.7953 0.7953 0.7953 0.7953 0.7953 0.7953 0.7953 0.7953 0.7953 0.7953 0.7953 0.7953 0.7953 0.7953 0.7953 0.7953 0.7953 0.7953 0.7953 0.7953 0.7953 0.7953 0.7953 0.7953 0.7953 0.7953 0.7953 0.7953 0.7953 0.7953 0.7953 0.7953 0.7953 0.7953 0.7953 0.7953 0.7953 0.7953 0.7953 0.7953 0.7953 0.7953 0.7953 0.7953 0.7953 0.7953 0.7953 0.7953 0.7953 0.7953 0.7953 0.7953 0.7953 0.7953 0.7953 0.7953 0.7953 0.7953 0.7953 0.7953 0.7953 0.7953 0.7953 0.7953 0.7953 0.7953 0.7953 0.7953 0.7953 0.7953 0.7953 0.7953 0.7953 0.7953 0.7953 0.7953 0.7953 0.7953 0.7953 0.7953 0.7953 0.7953 0.7953 0.7953 0.7953 0.7953 0.7953 0.7953 0.7953 0.7953 0.7953 0.7953 0.7953 0.7953 0.7953 0.7953 0.7953 0.7953 0.7953 0.7953 0.7953 0.7953 0.7953 0.7953 0.7953 0.7953 0.7953 0.7953 0.7953 0.7953 0.7953 0.7953 0.7953 0.7953 0.7953 0.7953 0.7953 0.7953 0.7953 0.7953 0.7953 0.7953 0.7953 0.7953 0.7953 0.7953 0.7953 0.7953 0.7953 0.7953 0.7953 0.7953 0.7953 0.7953 0.7953 0.7953 0.7953 0.7953 0.7953 0.7953 0.7953 0.7953 0.7953 0.7953 0.7914762 0.7914762 0.7914762 0.7914762 0.7914762 0.7914762 0.7914762 0.7914762 0.7914762 0.7914762 0.7914762 0.7914762 0.7914762 0.7914762 0.7914762 0.7914762 0.7914762 0.7914762 0.7914762 0.7914762 0.7914762 0.7914762 0.7914762 0.7914762 0.7914762 0.7914762 0.7914762 0.7914762 0.7914762 0.7914762 0.7914762 0.7914762 0.7914762 0.7914762 0.7914762 0.7914762 0.7914762 0.7914762 0.7914762 0.7914762 0.7914762 0.7914762 0.7914762 0.7914762 0.7914762 0.7914762 0.7914762 0.7914762 0.7914762 0.7914762 0.7914762 0.7914762 0.7914762 0.7914762 0.7914762 0.7914762 0.7914762 0.7914762 0.7914762 0.7914762 0.7914762 0.7914762 0.7914762 0.7914762 0.7914762 0.7914762 0.7914762 0.7914762 0.7914762 0.7914762 0.7914762 0.7914762 0.7914762 0.7914762 0.7914762 0.7914762 0.7914762 0.7914762 0.7914762 0.7914762 0.7914762 0.7914762 0.7914762 0.7914762 0.7914762 0.7914762 0.7914762 0.7914762 0.7914762 0.7914762 0.7914762 0.7914762 0.7914762 0.7914762 0.7914762 0.7914762 0.7914762 0.7914762 0.7914762 0.7914762 0.7914762 0.7914762 0.7914762 0.7914762 0.7914762 0.7914762 0.7914762 0.7914762 0.7914762 0.7914762 0.7914762 0.7914762 0.7914762 0.7914762 0.7914762 0.7914762 0.7914762 0.7914762 0.7914762 0.7914762 0.7914762 0.7914762 0.7914762 0.7914762 0.7914762 0.7914762 0.7914762 0.7914762 0.7914762 0.7914762 0.7914762 0.7914762 0.7914762 0.7914762 0.7914762 0.7914762 0.7914762 0.7914762 0.7914762 0.7914762 0.7914762 0.7914762 0.7914762 0.7914762 0.7914762 0.7914762 0.7914762 0.7914762 0.7914762 0.7914762 0.788927 0.788927 0.788927 0.788927 0.788927 0.788927 0.788927 0.788927 0.788927 0.788927 0.788927 0.788927 0.788927 0.788927 0.788927 0.788927 0.788927 0.788927 0.788927 0.788927 0.788927 0.788927 0.788927 0.788927 0.788927 0.788927 0.788927 0.788927 0.788927 0.788927 0.788927 0.788927 0.788927 0.788927 0.788927 0.788927 0.788927 0.788927 0.788927 0.788927 0.788927 0.788927 0.788927 0.788927 0.788927 0.788927 0.788927 0.788927 0.788927 0.788927 0.788927 0.788927 0.788927 0.788927 0.788927 0.788927 0.788927 0.788927 0.788927 0.788927 0.788927 0.788927 0.788927 0.788927 0.788927 0.788927 0.788927 0.788927 0.788927 0.788927 0.788927 0.788927 0.788927 0.788927 0.788927 0.788927 0.788927 0.788927 0.788927 0.788927 0.788927 0.788927 0.788927 0.788927 0.788927 0.788927 0.788927 0.788927 0.788927 0.788927 0.788927 0.788927 0.788927 0.788927 0.788927 0.788927 0.788927 0.788927 0.788927 0.788927 0.788927 0.788927 0.788927 0.788927 0.788927 0.788927 0.788927 0.788927 0.788927 0.788927 0.788927 0.788927 0.788927 0.788927 0.788927 0.788927 0.788927 0.788927 0.788927 0.788927 0.7851032 0.7851032 0.7851032 0.7851032 0.7851032 0.7851032 0.7851032 0.7851032 0.7851032 0.7851032 0.7851032 0.7851032 0.7851032 0.7851032 0.7851032 0.7851032 0.7851032 0.7851032 0.7851032 0.7851032 0.7851032 0.7851032 0.7851032 0.7851032 0.7851032 0.7851032 0.7851032 0.7851032 0.7851032 0.7851032 0.7851032 0.7851032 0.7851032 0.7851032 0.7851032 0.7851032 0.7851032 0.7851032 0.7851032 0.7851032 0.7851032 0.7851032 0.7851032 0.7851032 0.7851032 0.7851032 0.7851032 0.7851032 0.7851032 0.7851032 0.7851032 0.7851032 0.7851032 0.7851032 0.7851032 0.7851032 0.7851032 0.7851032 0.7851032 0.7851032 0.7851032 0.7851032 0.7851032 0.7851032 0.7851032 0.7851032 0.7851032 0.7851032 0.7851032 0.7851032 0.7851032 0.7851032 0.7851032 0.7851032 0.7851032 0.7851032 0.7851032 0.7851032 0.7851032 0.7851032 0.7851032 0.7851032 0.7851032 0.7851032 0.7851032 0.782554 0.782554 0.782554 0.782554 0.782554 0.782554 0.782554 0.782554 0.782554 0.782554 0.782554 0.782554 0.782554 0.782554 0.782554 0.782554 0.782554 0.782554 0.782554 0.782554 0.782554 0.782554 0.782554 0.782554 0.782554 0.782554 0.782554 0.782554 0.782554 0.782554 0.782554 0.782554 0.782554 0.782554 0.782554 0.782554 0.782554 0.782554 0.782554 0.782554 0.782554 0.782554 0.782554 0.782554 0.782554 0.782554 0.782554 0.782554 0.782554 0.782554 0.782554 0.782554 0.782554 0.782554 0.782554 0.782554 0.782554 0.782554 0.782554 0.782554 0.782554 0.782554 0.782554 0.782554 0.782554 0.782554 0.782554 0.782554 0.782554 0.782554 0.782554 0.782554 0.782554 0.782554 0.782554 0.782554 0.782554 0.782554 0.782554 0.782554 0.782554 0.782554 0.782554 0.782554 0.782554 0.782554 0.782554 0.782554 0.782554 0.782554 0.782554 0.782554 0.782554 0.782554 0.782554 0.782554 0.782554 0.782554 0.782554 0.782554 0.782554 0.782554 0.782554 0.782554 0.782554 0.7767032 0.7767032 0.7767032 0.7767032 0.7767032 0.7767032 0.7767032 0.7767032 0.7767032 0.7767032 0.7767032 0.7767032 0.7767032 0.7767032 0.7767032 0.7767032 0.7767032 0.7767032 0.7767032 0.7767032 0.7767032 0.7767032 0.7767032 0.7767032 0.7767032 0.7767032 0.7767032 0.7767032 0.7767032 0.7767032 0.7767032 0.7767032 0.7767032 0.7767032 0.7767032 0.7767032 0.7767032 0.7767032 0.7767032 0.7767032 0.7767032 0.7767032 0.7767032 0.7767032 0.7767032 0.7767032 0.7767032 0.7767032 0.7767032 0.7767032 0.7767032 0.7767032 0.7767032 0.7767032 0.7767032 0.7767032 0.7767032 0.7767032 0.7767032 0.7767032 0.7767032 0.7767032 0.7767032 0.7767032 0.7767032 0.7767032 0.7767032 0.7767032 0.7767032 0.7767032 0.7767032 0.7767032 0.7767032 0.7767032 0.7767032 0.7767032 0.7767032 0.7767032 0.7767032 0.7767032 0.7767032 0.7767032 0.7767032 0.7767032 0.7767032 0.7767032 0.7767032 0.7767032 0.7767032 0.7767032 0.7767032 0.7767032 0.7767032 0.7767032 0.7767032 0.7767032 0.7767032 0.7767032 0.7767032 0.7767032 0.7767032 0.7767032 0.7767032 0.7767032 0.7767032 0.7767032 0.7767032 0.7767032 0.7767032 0.7767032 0.7767032 0.7767032 0.7767032 0.7767032 0.7767032 0.7767032 0.7767032 0.7767032 0.7767032 0.7767032 0.7767032 0.7767032 0.7767032 0.7767032 0.7767032 0.7767032 0.7767032 0.7767032 0.7767032 0.7767032 0.7767032 0.7767032 0.7767032 0.7767032 0.7767032 0.7767032 0.7767032 0.7767032 0.7767032 0.7767032 0.7767032 0.7767032 0.767927 0.767927 0.767927 0.767927 0.767927 0.767927 0.767927 0.767927 0.767927 0.767927 0.767927 0.767927 0.767927 0.767927 0.767927 0.767927 0.767927 0.767927 0.767927 0.767927 0.767927 0.767927 0.767927 0.767927 0.767927 0.767927 0.767927 0.767927 0.767927 0.767927 0.767927 0.767927 0.767927 0.767927 0.767927 0.767927 0.767927 0.767927 0.767927 0.767927 0.767927 0.767927 0.767927 0.767927 0.767927 0.767927 0.767927 0.767927 0.767927 0.767927 0.767927 0.767927 0.767927 0.767927 0.767927 0.767927 0.767927 0.767927 0.767927 0.767927 0.767927 0.767927 0.767927 0.767927 0.767927 0.767927 0.767927 0.767927 0.767927 0.767927 0.767927 0.767927 0.767927 0.767927 0.767927 0.767927 0.767927 0.767927 0.767927 0.767927 0.767927 0.767927 0.767927 0.767927 0.767927 0.767927 0.767927 0.767927 0.767927 0.767927 0.767927 0.767927 0.767927 0.767927 0.767927 0.767927 0.767927 0.767927 0.767927 0.767927 0.767927 0.767927 0.767927 0.767927 0.767927 0.767927 0.767927 0.767927 0.767927 0.767927 0.767927 0.767927 0.767927 0.767927 0.767927 0.767927 0.767927 0.767927 0.767927 0.767927 0.767927 0.767927 0.767927 0.767927 0.767927 0.767927 0.767927 0.767927 0.767927 0.767927 0.767927 0.767927 0.767927 0.767927 0.767927 0.767927 0.767927 0.767927 0.767927 0.767927 0.767927 0.767927 0.767927 0.767927 0.767927 0.767927 0.767927 0.767927 0.767927 0.767927 0.767927 0.767927 0.767927 0.767927 0.767927 0.767927 0.767927 0.767927 0.767927 0.767927 0.767927 0.767927 0.767927 0.767927 0.767927 0.767927 0.767927 0.767927 0.767927 0.767927 0.767927 0.767927 0.767927 0.767927 0.767927 0.767927 0.767927 0.767927 0.767927 0.767927 0.767927 0.767927 0.767927 0.767927 0.767927 0.767927 0.767927 0.767927 0.767927 0.767927 0.767927 0.767927 0.767927 0.767927 0.767927 0.767927 0.767927 0.767927 0.767927 0.767927 0.767927 0.767927 0.767927 0.767927 0.767927 0.767927 0.767927 0.767927 0.767927 0.767927 0.767927 0.767927 0.767927 0.767927 0.767927 0.767927 0.767927 0.767927 0.767927 0.767927 0.767927 0.767927 0.767927 0.767927 0.767927 0.767927 0.767927 0.767927 0.767927 0.767927 0.767927 0.767927 0.767927 0.767927 0.767927 0.767927 0.767927 0.767927 0.767927 0.767927 0.767927 0.767927 0.767927 0.767927 0.767927 0.767927 0.767927 0.7620762 0.7620762 0.7620762 0.7620762 0.7620762 0.7620762 0.7620762 0.7620762 0.7620762 0.7620762 0.7620762 0.7620762 0.7620762 0.7620762 0.7620762 0.7620762 0.7620762 0.7620762 0.7620762 0.7620762 0.7620762 0.7620762 0.7620762 0.7620762 0.7620762 0.7620762 0.7620762 0.7620762 0.7620762 0.7620762 0.7620762 0.7620762 0.7620762 0.7620762 0.7620762 0.7620762 0.7620762 0.7620762 0.7620762 0.7620762 0.7620762 0.7620762 0.7620762 0.7620762 0.7620762 0.7620762 0.7620762 0.7620762 0.7620762 0.7620762 0.7620762 0.7620762 0.7620762 0.7620762 0.7620762 0.7620762 0.7620762 0.7620762 0.7620762 0.7620762 0.7620762 0.7620762 0.7620762 0.7620762 0.7620762 0.7620762 0.7620762 0.7620762 0.7620762 0.7620762 0.7620762 0.7620762 0.7620762 0.7620762 0.7620762 0.7620762 0.7620762 0.7620762 0.7620762 0.7620762 0.7620762 0.7620762 0.7620762 0.7620762 0.7620762 0.7620762 0.7620762 0.7620762 0.7620762 0.7620762 0.7620762 0.7620762 0.7620762 0.7620762 0.7620762 0.7620762 0.7620762 0.7620762 0.7620762 0.7620762 0.7620762 0.7620762 0.7620762 0.7620762 0.7620762 0.7620762 0.7620762 0.7620762 0.7620762 0.7620762 0.7620762 0.7620762 0.7620762 0.7620762 0.7620762 0.7620762 0.7620762 0.7620762 0.7620762 0.7620762 0.7620762 0.7620762 0.7620762 0.7620762 0.7620762 0.7620762 0.7562254 0.7562254 0.7562254 0.7562254 0.7562254 0.7562254 0.7562254 0.7562254 0.7562254 0.7562254 0.7562254 0.7562254 0.7562254 0.7562254 0.7562254 0.7562254 0.7562254 0.7562254 0.7562254 0.7562254 0.7562254 0.7562254 0.7562254 0.7562254 0.7562254 0.7562254 0.7562254 0.7562254 0.7562254 0.7562254 0.7562254 0.7562254 0.7562254 0.7562254 0.7562254 0.7562254 0.7562254 0.7562254 0.7562254 0.7562254 0.7562254 0.7562254 0.7562254 0.7562254 0.7562254 0.7562254 0.7562254 0.7562254 0.7562254 0.7562254 0.7562254 0.7562254 0.7562254 0.7562254 0.7562254 0.7562254 0.7562254 0.7562254 0.7562254 0.7562254 0.7562254 0.7562254 0.7562254 0.7562254 0.7562254 0.7562254 0.7562254 0.7562254 0.7562254 0.7562254 0.7562254 0.7562254 0.7562254 0.7562254 0.7562254 0.7562254 0.7562254 0.7562254 0.7562254 0.7562254 0.7562254 0.7562254 0.7562254 0.7562254 0.7562254 0.7562254 0.7562254 0.7562254 0.7562254 0.7562254 0.7562254 0.7562254 0.7562254 0.7562254 0.7562254 0.7562254 0.7562254 0.7562254 0.7562254 0.7562254 0.7562254 0.7562254 0.7562254 0.7562254 0.7562254 0.7562254 0.7562254 0.7562254 0.7562254 0.7562254 0.7562254 0.7562254 0.7562254 0.7562254 0.7562254 0.7562254 0.7562254 0.7562254 0.7486138 0.7486138 0.7486138 0.7486138 0.7486138 0.7486138 0.7486138 0.7486138 0.7486138 0.7486138 0.7486138 0.7486138 0.7486138 0.7486138 0.7486138 0.7486138 0.7486138 0.7486138 0.7486138 0.7486138 0.7486138 0.7486138 0.7486138 0.7486138 0.7486138 0.7486138 0.7486138 0.7486138 0.7486138 0.7486138 0.7486138 0.7486138 0.7486138 0.7486138 0.7486138 0.7486138 0.7486138 0.7486138 0.7486138 0.7486138 0.7486138 0.7486138 0.7486138 0.7486138 0.7486138 0.7486138 0.7486138 0.7486138 0.7486138 0.7486138 0.7486138 0.7486138 0.7486138 0.7486138 0.7486138 0.7486138 0.7486138 0.7486138 0.7486138 0.7486138 0.7486138 0.7486138 0.7486138 0.7486138 0.7486138 0.7486138 0.7486138 0.7486138 0.7486138 0.7486138 0.7486138 0.7486138 0.7486138 0.7486138 0.7486138 0.7486138 0.7486138 0.7486138 0.7486138 0.7486138 0.7486138 0.7486138 0.7486138 0.7486138 0.7486138 0.7486138 0.7486138 0.7486138 0.7486138 0.7486138 0.7486138 0.7486138 0.7486138 0.7486138 0.7486138 0.7486138 0.7486138 0.7486138 0.7486138 0.7486138 0.7486138 0.7486138 0.7486138 0.7486138 0.7486138 0.7486138 0.7486138 0.7486138 0.7486138 0.7486138 0.7486138 0.7486138 0.7486138 0.7486138 0.7486138 0.7486138 0.7486138 0.7345552 0.7345552 0.7345552 0.7345552 0.7345552 0.7345552 0.7345552 0.7345552 0.7345552 0.7345552 0.7345552 0.7345552 0.7345552 0.7345552 0.7345552 0.7345552 0.7345552 0.7345552 0.7345552 0.7345552 0.7345552 0.7345552 0.7345552 0.7345552 0.7345552 0.7345552 0.7345552 0.7345552 0.7345552 0.7345552 0.7345552 0.7345552 0.7345552 0.7345552 0.7345552 0.7345552 0.7345552 0.7345552 0.7345552 0.7345552 0.7345552 0.7345552 0.7345552 0.7345552 0.7345552 0.7345552 0.7345552 0.7345552 0.7345552 0.7345552 0.7345552 0.7345552 0.7345552 0.7345552 0.7345552 0.7345552 0.7345552 0.7345552 0.7345552 0.7345552 0.7345552 0.7345552 0.7345552 0.7345552 0.7345552 0.7345552 0.7345552 0.7345552 0.7345552 0.7345552 0.7345552 0.7345552 0.7345552 0.7345552 0.7345552 0.7345552 0.7345552 0.7345552 0.7345552 0.7345552 0.7345552 0.7345552 0.7345552 0.7345552 0.7345552 0.7345552 0.7345552 0.7345552 0.7345552 0.7345552 0.7345552 0.7345552 0.7345552 0.7345552 0.7345552 0.7345552 0.7345552 0.7345552 0.7345552 0.7345552 0.7345552 0.7345552 0.7345552 0.7345552 0.7345552 0.7345552 0.7345552 0.7345552 0.7345552 0.7345552 0.7345552 0.7345552 0.7345552 0.7345552 0.7345552 0.7345552 0.7345552 0.7345552 0.7345552 0.7345552 0.7345552 0.7345552 0.7345552 0.7345552 0.7345552 0.7345552 0.7345552 0.7345552 0.7345552 0.7345552 0.7345552 0.7345552 0.7345552 0.7345552 0.7345552 0.7345552 0.7345552 0.7345552 0.7345552 0.7345552 0.7345552 0.7345552 0.7345552 0.7345552 0.7345552 0.7345552 0.7345552 0.7345552 0.7345552 0.7345552 0.7345552 0.7345552 0.7345552 0.7345552 0.7345552 0.7345552 0.7345552 0.7345552 0.7345552 0.7345552 0.7345552 0.7345552 0.7345552 0.7345552 0.7251828 0.7251828 0.7251828 0.7251828 0.7251828 0.7251828 0.7251828 0.7251828 0.7251828 0.7251828 0.7251828 0.7251828 0.7251828 0.7251828 0.7251828 0.7251828 0.7251828 0.7251828 0.7251828 0.7251828 0.7251828 0.7251828 0.7251828 0.7251828 0.7251828 0.7251828 0.7251828 0.7251828 0.7251828 0.7251828 0.7251828 0.7251828 0.7251828 0.7251828 0.7251828 0.7251828 0.7251828 0.7251828 0.7251828 0.7251828 0.7251828 0.7251828 0.7251828 0.7251828 0.7251828 0.7251828 0.7251828 0.7251828 0.7251828 0.7251828 0.7251828 0.7251828 0.7251828 0.7251828 0.7251828 0.7251828 0.7251828 0.7251828 0.7251828 0.7251828 0.7251828 0.7251828 0.7251828 0.7251828 0.7251828 0.7251828 0.7251828 0.7251828 0.7251828 0.7251828 0.7251828 0.7251828 0.7251828 0.7251828 0.7251828 0.7251828 0.7251828 0.7251828 0.7251828 0.7251828 0.7251828 0.7251828 0.7251828 0.7251828 0.7251828 0.7251828 0.7158104 0.7158104 0.7158104 0.7158104 0.7158104 0.7158104 0.7158104 0.7158104 0.7158104 0.7158104 0.7158104 0.7158104 0.7158104 0.7158104 0.7158104 0.7158104 0.7158104 0.7158104 0.7158104 0.7158104 0.7158104 0.7158104 0.7158104 0.7158104 0.7158104 0.7158104 0.7158104 0.7158104 0.7158104 0.7158104 0.7158104 0.7158104 0.7158104 0.7158104 0.7158104 0.7158104 0.7158104 0.7158104 0.7158104 0.7158104 0.7158104 0.7158104 0.7158104 0.7158104 0.7158104 0.7158104 0.7158104 0.7158104 0.7158104 0.7158104 0.7158104 0.7158104 0.7158104 0.7158104 0.7158104 0.7158104 0.7158104 0.7158104 0.7158104 0.7158104 0.7158104 0.7158104 0.7158104 0.7158104 0.7158104 0.7158104 0.7158104 0.7158104 0.7158104 0.7158104 0.7158104 0.7158104 0.7158104 0.7158104 0.7158104 0.7158104 0.7158104 0.7158104 0.7158104 0.7158104 0.7158104 0.7158104 0.7158104 0.7158104 0.7158104 0.7158104 0.7158104 0.7158104 0.7158104 0.7158104 0.7158104 0.7158104 0.7158104 0.7158104 0.7158104 0.7158104 0.7158104 0.7158104 0.706438 0.706438 0.706438 0.706438 0.706438 0.706438 0.706438 0.706438 0.706438 0.706438 0.706438 0.706438 0.706438 0.706438 0.706438 0.706438 0.706438 0.706438 0.706438 0.706438 0.706438 0.706438 0.706438 0.706438 0.706438 0.706438 0.706438 0.706438 0.706438 0.706438 0.706438 0.706438 0.706438 0.706438 0.706438 0.706438 0.706438 0.706438 0.706438 0.706438 0.706438 0.706438 0.71101 0.71101 0.71101 0.71101 0.71101 0.71101 0.71101 0.71101 0.71101 0.71101 0.71101 0.71101 0.71101 0.71101 0.71101 0.71101 0.71101 0.71101 0.71101 0.71101 0.715582 0.715582 0.715582 0.715582 0.715582 0.715582  
iv:Tf/Scatterer1/L4/Values  =  2151 9799 6516 8379 5502 10105 6706 8653 5669 10759 7145 9229 6051 11258 7576 11258 7576 10762 7147 9232 6052 9257 9257 9257 11872 7995 11872 7995 14998 14998 11342 7540 13046 13046 9739 6395 9821 9821 9821 12370 8334 12370 8334 15628 15628 11829 7871 13620 13620 10180 6695 10291 10291 10291 12370 8334 12370 8334 15629 15629 11829 7871 13620 13620 10181 6694 10292 10292 10292 8196 8196 13006 8865 16861 16861 12945 8728 16861 16861 12945 8728 16372 16372 12410 8271 14310 14310 10721 7067 10871 10871 10871 8697 8697 13646 9292 17722 17722 13608 9176 17722 17722 13608 9176 17226 17226 13071 8721 18055 15112 15112 11343 7492 15113 13936 11561 15113 13936 11561 11561 9314 9314 14970 10236 14038 9611 17585 17585 13652 9296 17731 17731 13615 9181 17731 17731 13615 9181 20356 17235 17235 13078 8726 18064 15120 15120 11349 7496 15120 13944 11568 15120 13944 11568 11568 9320 9320 16564 11313 16564 11313 15622 10749 14687 10118 18400 18400 14360 9845 18637 18637 14404 9792 18637 18637 14404 9792 21370 18175 18175 13900 9362 20367 18999 15988 15988 12107 8081 15873 14709 12279 15873 14709 12279 12279 10695 9896 10695 9896 17682 12018 17682 12018 21579 21579 16830 11521 20408 20408 15949 10934 20103 20103 15635 10675 20292 20292 15641 10599 20292 20292 15641 10599 23164 19693 19693 15028 10095 21997 20553 17290 17290 13070 8705 17233 15996 13347 17233 15996 13347 13347 11755 10894 11755 10894 17725 11914 23044 23044 17827 12123 23044 23044 17827 12123 21759 21759 16977 11626 20588 20588 16095 11039 20284 20284 15782 10781 24924 23795 20473 20473 15788 10704 24924 23795 20473 20473 15788 10704 23362 19867 19867 15169 10195 22181 20729 17445 17445 13194 8792 17383 16138 13471 17383 16138 13471 13471 11614 11863 10997 11614 11863 10997 19050 12783 24979 24979 19313 13105 24979 24979 19313 13105 27134 23743 23743 18516 12655 25783 22598 22598 17662 12092 26456 22321 22321 17368 11848 27299 26115 22492 22492 17350 11752 27299 26115 22492 22492 17350 11752 27060 25579 21772 21772 16627 11167 24262 22709 19120 19120 14459 9625 18629 19072 17729 14798 18629 19072 17729 14798 14798 12791 13092 12146 12791 13092 12146 28111 28111 21421 14315 30283 32324 26960 26960 20709 13920 30283 32324 26960 26960 20709 13920 24161 22581 19070 19070 14281 9315 5677 1919 483926 2843272 2843272 4123596 4169862 3185353 8471270 10595463 10595463 10765757 9124120 3185353 8471270 10595463 10595463 10765757 9124120 2054745 2054745 3670924 3966280 10436 10436 6677 908 14492 12950 10213 7206 14492 12950 10213 7206 7206 13277 13141 11737 13277 13141 11737 25543 25543 33579 32024 27264 27264 20690 13766 29481 31197 29894 25635 25635 19557 13051 29481 31197 29894 25635 25635 19557 13051 25181 26194 24731 21034 21034 15889 10470 20490 19766 15924 11550 11550 6032 1622 5466 1287961 6192337 8340683 8340683 8813205 7655937 8324 8324 1907090 9219378 15317387 17179387 17179387 16375076 13289250 8324 8324 1907090 9219378 15317387 17179387 17179387 16375076 13289250 15270 15270 1937 4705865 7237277 7237277 8072566 7225896 16766 20217 20217 20170 17025 10473 3128 3128 6900 17667 17667 19463 19391 17501 14219 17667 17667 19463 19391 17501 14219 14219 14405 14603 14405 14603 20447 20447 20447 5672 5672 3605 1705 1858917 1858917 2130705 719285 3017943 3017943 5656461 8051484 10445188 11145393 11145393 11133677 9700325 2240580 10788724 20328673 26014728 26014728 27360580 23740984 35819 35819 45579 9183073 22377224 30507512 30507512 32546337 28178044 35819 35819 45579 9183073 22377224 30507512 30507512 32546337 28178044 132280 132280 146517 5812407 15432383 20615908 20615908 21516583 18274164 57929 3791 3791 2589884 6347119 7151889 7151889 6594972 5090633 52156 126656 201198 58088 52156 126656 201198 58088 58088 56070 74083 56070 74083 20575 20575 20575 11252 9979 5702 5702 3548 1629 2037649 2037649 2457094 1203324 3306600 3306600 6123639 8695107 11220359 11937814 11937814 11849485 10261246 2836741 11541061 21176237 26837023 26837023 28074232 24281102 43858 43858 157395 9994247 23229444 31282880 31282880 33181396 28635958 43858 43858 157395 9994247 23229444 31282880 31282880 33181396 28635958 178 143597 143597 252369 6588687 16205267 21282212 21282212 22034659 18629065 65095 3199211 6935758 7642606 7642606 6962190 5332639 56829 189612 45077 56829 189612 45077 59466 72447 59466 72447 53161 53161 483399 1389667 2330247 16166742 16166742 26262345 33412661 36767406 34113733 34113733 29210104 22382676 41472330 41472330 55302347 62592433 63635479 56846707 56846707 47728708 36388060 41472330 41472330 55302347 62592433 63635479 56846707 56846707 47728708 36388060 37633500 48898679 48898679 57329374 58313761 55181320 48363669 48363669 42019080 34092990 31341147 32526495 32526495 29029149 21968531 17418096 16787827 16787827 19511834 20768805 21831971 14035626 14035626 1955587 809491 1141969 3214998 10085277 29104574 23482213 23482213 14134331 5329918 1895968 3304586 3304586 7004128 9347926 29104574 23482213 23482213 14134331 5329918 1895968 3304586 3304586 7004128 9347926 50069656 56968054 56968054 59693109 55457697 47150167 35167013 35167013 24313514 15252057 57622835 74691284 74691284 87793306 88135400 76953207 55810062 55810062 38733581 54398847 54398847 68201248 71177989 63318157 38733581 54398847 54398847 68201248 71177989 63318157 12195759 19615697 19615697 27196340 29788481 12195759 19615697 19615697 27196340 29788481 112492 112492 497190 12530797 12530797 18562992 18074796 106271 28547264 49187127 49187127 56607448 49947986 42891940 74341694 74341694 87460795 78732383 42891940 74341694 74341694 87460795 78732383 29536787 71189165 71189165 94515290 90984928 518741 29047113 29047113 67118500 76439300 27090653 46771726 424660 204540 607034 607034 21532954 33883056 424660 204540 607034 607034 21532954 33883056 7277 431983 1161838 22295711 43488938 43488938 50881600 42000361 3875645 15773054 15773054 44955765 70102731 95210531 90108711 90108711 22126546 41623612 41623612 69710417 88384722 97199800 22126546 41623612 41623612 69710417 88384722 97199800 12931672 24632766 24632766 39885616 49007175 12931672 24632766 24632766 39885616 49007175 10912 10912 6669647 7162604 7162604 8662104 11211422 12094764 11739607 11739607 6669647 7162604 7162604 8662104 11211422 12094764 11739607 23693924 27889740 27889740 34530707 43027692 48403943 47422977 47422977 40679167 29907080 7926445 7136550 7136550 8616245 24819728 46306347 58003098 58003098 59074466 48805104 82887 28187402 28187402 53991479 57548262 82887 28187402 28187402 53991479 57548262 45654 45654 43023547 65620569 24848815 64212690 2182555 47835078 102777 160412 160412 131951 53763 6808636 38065796 102777 160412 160412 131951 53763 6808636 38065796 98968 98968 82183 387415 4127323 4127323 37393253 42064349 68516 376347 376347 42094564 59827959 59827959 14548548 21788753 21788753 38572889 55625103 69202302 14548548 21788753 21788753 38572889 55625103 69202302 19743769 26216300 26216300 34693510 40230793 19743769 26216300 26216300 34693510 40230793 359778 302966 129465 359778 302966 129465 15302091 18925306 18925306 24385657 30795637 32306213 28941854 28941854 15302091 18925306 18925306 24385657 30795637 32306213 28941854 25585226 31122539 31122539 42720395 59754690 71437539 71091439 71091439 59425989 41554990 1652865 1296798 1296798 53456 15846327 56395280 79814958 79814958 82119384 65797958 81206 699270 1246969 35979332 35979332 71959884 73791926 81206 699270 1246969 35979332 35979332 71959884 73791926 98556 98556 392405 492230 151654 5851 5851 44463106 70554398 92570 501940 501940 628975 641354 378325 25282 25282 18905700 60255174 232038 458766 458766 456195 461739 155064 75296 75296 17707537 55058484 600323 315118 315118 288611 137672 244292 2867449 2867449 52601546 65428878 600323 315118 315118 288611 137672 244292 2867449 2867449 52601546 65428878 1135942 101651 101651 220502 1980299 40750158 80455701 80455701 93794964 78400623 27247108 22270781 22270781 33593481 61287492 98041405 109887716 109887716 45517423 51531809 51531809 62999124 77916454 90678395 45517423 51531809 51531809 62999124 77916454 90678395 32458436 37037044 37037044 45185614 32458436 37037044 37037044 45185614 400319 7044430 16972614 400319 7044430 16972614 368577 405928 405928 2601150 31352582 44778843 44778843 368577 405928 405928 2601150 31352582 44778843 241361 5701 5701 100125 1495255 43344647 43344647 56370841 46080747 423762 547871 547871 355379 4690936 4690936 49784482 55233639 585150 660365 660365 446758 142193 33318938 56769463 585150 660365 660365 446758 142193 33318938 56769463 250412 536846 536846 324822 102459 17086589 51039781 455813 178631 178631 193744 147424 4729 296852 30161316 5324353 47434 47434 16996 132691 222563 10313782 3504508 17882 17882 41230 189152 260163 4760859 21398432 3504508 17882 17882 41230 189152 260163 4760859 21398432 167745 172847 371926 38273194 38273194 62859781 53412336 205694 205694 691668 49564627 85087526 85087526 36139415 24092324 24092324 21871070 37227342 63500820 36139415 24092324 24092324 21871070 37227342 63500820 37759626 34447786 34447786 31796974 37759626 34447786 34447786 31796974 92484 92484 13092086 22919561 92484 92484 13092086 22919561 21450 21450 141801 15541104 44142242 55543145 55543145 21450 21450 141801 15541104 44142242 55543145 385163 48303 48303 22614346 61085049 61085049 68926159 53550890 330604 447067 447067 241572 173436 28510549 28510549 66652174 65339866 527718 597371 597371 373638 63438 625415 625415 53368270 69029301 527718 597371 597371 373638 63438 625415 625415 53368270 69029301 160636 491804 491804 270588 38463 39669940 65332413 867239 34582 34582 164005 106255 17175959 46484019 12376708 5977 110254 143906 400325 27816509 6716920 36426 36426 46906 182351 168052 105520 105520 27834289 37602094 6716920 36426 36426 46906 182351 168052 105520 105520 27834289 37602094 117035 148840 55470 4200384 58553778 58553778 8915438 239093 3956061 62427827 96687986 96687986 42811730 31865415 31865415 29821620 44731716 69949812 42811730 31865415 31865415 29821620 44731716 69949812 41429493 38588063 38588063 41429493 38588063 38588063 5004325 4777003 4777003 12603897 28080466 39332819 5004325 4777003 4777003 12603897 28080466 39332819 1101629 1101629 759831 34509841 66324740 77603471 77603471 1101629 1101629 759831 34509841 66324740 77603471 671285 389392 389392 364260 714937 44342633 79665486 79665486 79445453 56307001 92348 215872 215872 42166 35592185 35592185 59183012 50908246 111879 320216 320216 97842 177280 177280 28907848 38396202 111879 320216 320216 97842 177280 177280 28907848 38396202 6130410 15766 15766 65189 19943168 37270863 62896332 7317004 7317004 6194 12007 23904350 41187027 68495503 2910239 2910239 251390 309022 505647 505647 33381720 49295291 29320548 215801 215801 531810 591724 189948 16718741 16718741 60619276 64812697 29320548 215801 215801 531810 591724 189948 16718741 16718741 60619276 64812697 15607975 383598 383598 443409 378656 1170291 66440523 66440523 57159050 17797879 17797879 10205954 59306722 96357961 84201419 84201419 69506878 78610304 96357961 84201419 84201419 69506878 78610304 79875290 79875290 8079629 3344841 3344841 7421198 22561696 36218478 8079629 3344841 3344841 7421198 22561696 36218478 2307410 963717 963717 37446 24373560 60734819 77810740 77810740 2307410 963717 963717 37446 24373560 60734819 77810740 381848 110601 110601 24938 44189856 85506101 85506101 88321140 62799585 4330 53198 53198 66480 46474762 46474762 69669675 56983557 3033985 107966 107966 31932 28436173 34029873 3033985 107966 107966 31932 28436173 34029873 10206012 455803 455803 100785 4070 16422435 37378934 469203 469203 26978 142231 15869398 38958209 423948 423948 381512 365852 98303 388940 388940 13240595 32567336 28054793 242628 242628 660260 605235 279691 47963736 56070370 28054793 242628 242628 660260 605235 279691 47963736 56070370 42904148 297747 297747 408739 443964 370273 45877202 45877202 90683891 45381463 45381463 6443617 6432204 42891817 114669321 99371825 99371825 75997720 114669321 99371825 99371825 75997720 84988212 84988212 41964460 36429245 36429245 33470343 39785129 45823366 41964460 36429245 36429245 33470343 39785129 45823366 56139915 34093420 34093420 24212397 41838654 68361774 80887963 80887963 56139915 34093420 34093420 24212397 41838654 68361774 80887963 33194684 216141 216141 911040 1063192 39482812 83818410 83818410 92163900 69318067 272495 101226 48548704 48548704 83428343 74578326 415355 57612 57612 410800 349226 143588 13578499 13578499 59431718 64096150 415355 57612 57612 410800 349226 143588 13578499 13578499 59431718 64096150 12088394 229038 207965 104377 10996695 10996695 44444640 753886 753886 7755 15313323 15313323 52250387 272197 272197 172150 102576 7990694 7990694 44335063 51195140 45185337 46005 46005 325472 199956 6305736 6305736 52476254 57570621 45185337 46005 46005 325472 199956 6305736 6305736 52476254 57570621 59943397 53397 19408 27534861 27534861 97357643 41330757 41330757 1421604 111029238 89494173 89494173 111029238 89494173 89494173 41574282 39505165 39505165 40912407 50523163 41574282 39505165 39505165 40912407 50523163 62424688 43665628 43665628 38468981 60938057 89805150 62424688 43665628 43665628 38468981 60938057 89805150 42343871 465274 475602 56552045 101983990 101983990 103803207 72151822 25893 505581 53890701 53890701 87389951 72842840 148710 148710 131294 58101 6993173 6993173 148710 148710 131294 58101 6993173 6993173 241557 241557 374293 159299 8527910 283199 283199 586883 302982 19546444 117706 117706 584780 339901 44014547 54425212 43438099 484879 401691 240209 240209 43438099 484879 401691 240209 240209 92681260 36575 29469011 29469011 138229843 82501813 82501813 21415743 133524503 115988706 115988706 133524503 115988706 115988706 42302464 40502027 40502027 42085333 42302464 40502027 40502027 42085333 64217749 46133140 46133140 41470413 64138320 92684626 64217749 46133140 46133140 41470413 64138320 92684626 45165572 565461 565461 576100 61948471 18800 427124 60031572 60031572 142371 142371 160771 72258 14047334 14047334 142371 142371 160771 72258 14047334 14047334 220178 220178 384152 223019 5409236 5409236 9661530 276864 276864 574806 298410 4590840 4590840 20800177 106657 106657 567867 325108 44504162 477299 394803 44504162 477299 394803 93255486 138410955 82698669 82698669 21605476 133521131 115975265 115975265 133521131 115975265 115975265 44315295 42718549 42718549 44315295 42718549 42718549 77853581 61979742 61979742 57082255 79296959 104066899 77853581 61979742 61979742 57082255 79296959 104066899 64915451 9667616 9667616 1372835 23042868 88454740 3062115 159780 105473 13326214 95951720 95951720 501953 256887 256887 498133 799774 62931923 62931923 501953 256887 256887 498133 799774 62931923 62931923 770661 168616 168616 576558 497371 17532474 70867837 70867837 20208071 259264 259264 297447 1636339 23794937 78708442 78708442 77423288 68738 68738 24218 108192 5615579 58471352 58471352 114175564 7179274 7179274 100692 104969 114175564 7179274 7179274 100692 104969 140633022 48240728 48240728 595471 155089282 102283883 102283883 38963218 60704970 60704970 60704970 60704970 126381606 117908098 117908098 110134963 120345951 126381606 117908098 117908098 110134963 120345951 155747054 112568705 112568705 81757534 99632170 136103859 114356996 24894096 24894096 109995 65390135 50908932 399989 399989 5137898 50908932 399989 399989 5137898 30395840 188878 188878 46462 11780856 57716856 1924662 1924662 146586 16693111 91925515 106657690 191348 191348 102129 106657690 191348 191348 102129 118072126 19035329 19035329 97294 132991063 126377372 117898756 117898756 126377372 117898756 117898756 155739940 112574170 112574170 81745367 99612839 136101533 114351014 24895829 24895829 108174 65385187 50908950 402497 402497 5108346 50908950 402497 402497 5108346 30395834 188874 188874 46455 57716844 1924659 1924659 152633 91922973 106652594 191170 191170 106652594 191170 191170 118073418 128207365 128207365 183545660 147177500 147177500 109309840 113278200 195261909 118585208 118585208 46042460 40327294 197358339 110310167 110310167 25807862 7617061 197358339 110310167 110310167 25807862 7617061 215339938 148940976 148940976 76894069 51038843 220282900 160319643 160319643 88069634 53811789 185593224 99650805 99650805 3169569 131992717 20257020 20257020 131992717 20257020 20257020 142576367 139512265 54484922 54484922 1018058 133618297 36971047 36971047 133618297 36971047 36971047 150689005 74583305 74583305 161265738 91867590 91867590 137635252 42855512 42855512 88637047 1475595 1475595 88637047 1475595 1475595  
dv:Tf/Scatterer1/L5/Values  =  2151 8.4 8.4 11.2 11.2 8.4 8.4 11.2 11.2 8.4 8.4 11.2 11.2 5.6 5.6 5.6 5.6 8.4 8.4 11.2 11.2 14 14 14 5.6 5.6 5.6 5.6 8.4 8.4 8.4 8.4 11.2 11.2 11.2 11.2 14 14 14 5.6 5.6 5.6 5.6 8.4 8.4 8.4 8.4 11.2 11.2 11.2 11.2 14 14 14 5.6 5.6 5.6 5.6 8.4 8.4 8.4 8.4 11.2 11.2 11.2 11.2 14 14 14 16.8 16.8 2.8 2.8 5.6 5.6 5.6 5.6 5.6 5.6 5.6 5.6 8.4 8.4 8.4 8.4 11.2 11.2 11.2 11.2 14 14 14 16.8 16.8 2.8 2.8 5.6 5.6 5.6 5.6 5.6 5.6 5.6 5.6 8.4 8.4 8.4 8.4 11.2 11.2 11.2 11.2 11.2 14 14 14 14 14 14 14 16.8 16.8 -2.8 -2.8 0 0 2.8 2.8 2.8 2.8 5.6 5.6 5.6 5.6 5.6 5.6 5.6 5.6 8.4 8.4 8.4 8.4 8.4 11.2 11.2 11.2 11.2 11.2 14 14 14 14 14 14 14 16.8 16.8 -5.6 -5.6 -5.6 -5.6 -2.8 -2.8 0 0 2.8 2.8 2.8 2.8 5.6 5.6 5.6 5.6 5.6 5.6 5.6 5.6 8.4 8.4 8.4 8.4 8.4 11.2 11.2 11.2 11.2 11.2 11.2 14 14 14 14 14 14 14 16.8 16.8 16.8 16.8 -5.6 -5.6 -5.6 -5.6 -2.8 -2.8 -2.8 -2.8 0 0 0 0 2.8 2.8 2.8 2.8 5.6 5.6 5.6 5.6 5.6 5.6 5.6 5.6 8.4 8.4 8.4 8.4 8.4 11.2 11.2 11.2 11.2 11.2 11.2 14 14 14 14 14 14 14 16.8 16.8 16.8 16.8 -8.4 -8.4 -5.6 -5.6 -5.6 -5.6 -5.6 -5.6 -5.6 -5.6 -2.8 -2.8 -2.8 -2.8 0 0 0 0 2.8 2.8 2.8 2.8 5.6 5.6 5.6 5.6 5.6 5.6 5.6 5.6 5.6 5.6 5.6 5.6 8.4 8.4 8.4 8.4 8.4 11.2 11.2 11.2 11.2 11.2 11.2 14 14 14 14 14 14 14 16.8 16.8 16.8 16.8 16.8 16.8 -8.4 -8.4 -5.6 -5.6 -5.6 -5.6 -5.6 -5.6 -5.6 -5.6 -2.8 -2.8 -2.8 -2.8 -2.8 0 0 0 0 0 2.8 2.8 2.8 2.8 2.8 5.6 5.6 5.6 5.6 5.6 5.6 5.6 5.6 5.6 5.6 5.6 5.6 8.4 8.4 8.4 8.4 8.4 8.4 11.2 11.2 11.2 11.2 11.2 11.2 14 14 14 14 14 14 14 14 14 16.8 16.8 16.8 16.8 16.8 16.8 -8.4 -8.4 -8.4 -8.4 -5.6 -5.6 -5.6 -5.6 -5.6 -5.6 -5.6 -5.6 -5.6 -5.6 -5.6 -5.6 -2.8 -2.8 -2.8 -2.8 -2.8 -2.8 0 0 2.8 2.8 2.8 2.8 2.8 5.6 5.6 5.6 5.6 5.6 5.6 5.6 5.6 5.6 5.6 5.6 5.6 8.4 8.4 8.4 8.4 11.2 11.2 11.2 11.2 14 14 14 14 14 14 14 14 14 16.8 16.8 16.8 16.8 16.8 16.8 -11.2 -11.2 -8.4 -8.4 -8.4 -8.4 -8.4 -8.4 -5.6 -5.6 -5.6 -5.6 -5.6 -5.6 -5.6 -5.6 -5.6 -5.6 -5.6 -5.6 -5.6 -5.6 -2.8 -2.8 -2.8 -2.8 -2.8 -2.8 -2.8 0 0 0 0 0 0 0 2.8 2.8 2.8 2.8 2.8 2.8 2.8 5.6 5.6 5.6 5.6 5.6 5.6 5.6 5.6 5.6 5.6 5.6 5.6 5.6 5.6 5.6 5.6 5.6 5.6 8.4 8.4 8.4 8.4 8.4 8.4 8.4 8.4 11.2 11.2 11.2 11.2 11.2 11.2 11.2 11.2 11.2 14 14 14 14 14 14 14 14 14 14 14 14 14 16.8 16.8 16.8 16.8 -14 -14 -14 -11.2 -11.2 -11.2 -11.2 -2.8 -2.8 -2.8 -2.8 0 0 0 0 0 0 0 0 0 2.8 2.8 2.8 2.8 2.8 2.8 2.8 5.6 5.6 5.6 5.6 5.6 5.6 5.6 5.6 5.6 5.6 5.6 5.6 5.6 5.6 5.6 5.6 5.6 5.6 8.4 8.4 8.4 8.4 8.4 8.4 8.4 8.4 8.4 11.2 11.2 11.2 11.2 11.2 11.2 11.2 11.2 11.2 14 14 14 14 14 14 14 14 14 16.8 16.8 16.8 16.8 -14 -14 -14 -11.2 -11.2 -11.2 -11.2 -11.2 -11.2 -2.8 -2.8 -2.8 -2.8 0 0 0 0 0 0 0 0 0 2.8 2.8 2.8 2.8 2.8 2.8 2.8 5.6 5.6 5.6 5.6 5.6 5.6 5.6 5.6 5.6 5.6 5.6 5.6 5.6 5.6 5.6 5.6 5.6 5.6 8.4 8.4 8.4 8.4 8.4 8.4 8.4 8.4 8.4 8.4 11.2 11.2 11.2 11.2 11.2 11.2 11.2 14 14 14 14 14 14 16.8 16.8 16.8 16.8 -11.2 -11.2 -11.2 -11.2 -11.2 -8.4 -8.4 -8.4 -8.4 -8.4 -8.4 -8.4 -8.4 -8.4 -5.6 -5.6 -5.6 -5.6 -5.6 -5.6 -5.6 -5.6 -5.6 -5.6 -5.6 -5.6 -5.6 -5.6 -5.6 -5.6 -5.6 -5.6 -2.8 -2.8 -2.8 -2.8 -2.8 -2.8 -2.8 -2.8 -2.8 -2.8 0 0 0 0 0 0 0 0 0 0 2.8 2.8 2.8 2.8 2.8 2.8 2.8 2.8 5.6 5.6 5.6 5.6 5.6 5.6 5.6 5.6 5.6 5.6 5.6 5.6 5.6 5.6 5.6 5.6 5.6 5.6 5.6 5.6 8.4 8.4 8.4 8.4 8.4 8.4 8.4 8.4 8.4 8.4 11.2 11.2 11.2 11.2 11.2 11.2 11.2 11.2 14 14 14 14 14 14 14 14 14 14 14 14 16.8 16.8 16.8 16.8 16.8 16.8 16.8 16.8 16.8 16.8 -14 -14 -11.2 -11.2 -11.2 -11.2 -11.2 -8.4 -8.4 -8.4 -8.4 -8.4 -8.4 -5.6 -5.6 -5.6 -5.6 -5.6 -5.6 -5.6 -5.6 -5.6 -5.6 -2.8 -2.8 -2.8 -2.8 -2.8 0 0 0 0 0 2.8 2.8 5.6 5.6 5.6 5.6 5.6 5.6 5.6 5.6 5.6 5.6 5.6 5.6 8.4 8.4 8.4 8.4 8.4 8.4 8.4 8.4 11.2 11.2 11.2 11.2 11.2 11.2 11.2 11.2 14 14 14 14 14 14 14 14 14 14 14 14 16.8 16.8 16.8 16.8 16.8 16.8 16.8 16.8 16.8 16.8 -16.8 -16.8 -14 -14 -14 -14 -14 -14 -14 -14 -14 -14 -14 -14 -14 -14 -14 -11.2 -11.2 -11.2 -11.2 -11.2 -11.2 -11.2 -11.2 -11.2 -11.2 -8.4 -8.4 -8.4 -8.4 -8.4 -8.4 -8.4 -8.4 -8.4 -8.4 -5.6 -5.6 -5.6 -5.6 -5.6 -5.6 -5.6 -5.6 -5.6 -5.6 -2.8 -2.8 -2.8 -2.8 0 0 2.8 2.8 5.6 5.6 5.6 5.6 5.6 5.6 5.6 5.6 5.6 5.6 5.6 5.6 5.6 5.6 8.4 8.4 8.4 8.4 8.4 8.4 8.4 8.4 11.2 11.2 11.2 11.2 11.2 11.2 14 14 14 14 14 14 14 14 14 14 14 14 16.8 16.8 16.8 16.8 16.8 16.8 16.8 16.8 16.8 16.8 -16.8 -16.8 -16.8 -16.8 -16.8 -16.8 -14 -14 -14 -14 -14 -14 -14 -14 -14 -14 -14 -14 -14 -14 -14 -11.2 -11.2 -11.2 -11.2 -11.2 -11.2 -11.2 -11.2 -11.2 -11.2 -8.4 -8.4 -8.4 -8.4 -8.4 -8.4 -8.4 -8.4 -8.4 -8.4 -5.6 -5.6 -5.6 -5.6 -5.6 -5.6 -5.6 -5.6 -5.6 -5.6 -5.6 -5.6 -5.6 -5.6 -2.8 -2.8 -2.8 -2.8 -2.8 -2.8 -2.8 -2.8 -2.8 0 0 0 0 0 0 0 0 0 0 2.8 2.8 2.8 2.8 2.8 2.8 2.8 2.8 2.8 2.8 5.6 5.6 5.6 5.6 5.6 5.6 5.6 5.6 5.6 5.6 5.6 5.6 5.6 5.6 5.6 5.6 5.6 5.6 5.6 5.6 8.4 8.4 8.4 8.4 8.4 8.4 8.4 8.4 8.4 8.4 11.2 11.2 11.2 11.2 11.2 11.2 11.2 11.2 14 14 14 14 14 14 14 14 14 14 14 14 16.8 16.8 16.8 16.8 16.8 16.8 16.8 16.8 -16.8 -16.8 -16.8 -16.8 -16.8 -16.8 -14 -14 -14 -14 -14 -14 -14 -14 -14 -14 -14 -14 -14 -11.2 -11.2 -11.2 -11.2 -11.2 -11.2 -11.2 -11.2 -11.2 -8.4 -8.4 -8.4 -8.4 -8.4 -8.4 -8.4 -8.4 -5.6 -5.6 -5.6 -5.6 -5.6 -5.6 -5.6 -5.6 -5.6 -5.6 -5.6 -5.6 -5.6 -5.6 -2.8 -2.8 -2.8 -2.8 -2.8 -2.8 -2.8 0 0 0 0 0 0 0 0 2.8 2.8 2.8 2.8 2.8 2.8 2.8 5.6 5.6 5.6 5.6 5.6 5.6 5.6 5.6 5.6 5.6 5.6 5.6 5.6 5.6 5.6 5.6 8.4 8.4 8.4 8.4 8.4 8.4 8.4 11.2 11.2 11.2 11.2 11.2 11.2 14 14 14 14 14 14 14 14 14 14 14 14 16.8 16.8 16.8 16.8 16.8 16.8 16.8 16.8 -16.8 -16.8 -16.8 -16.8 -16.8 -16.8 -16.8 -16.8 -14 -14 -14 -14 -14 -14 -14 -14 -14 -14 -14 -14 -14 -11.2 -11.2 -11.2 -11.2 -11.2 -11.2 -11.2 -11.2 -8.4 -8.4 -8.4 -8.4 -8.4 -8.4 -8.4 -8.4 -8.4 -5.6 -5.6 -5.6 -5.6 -5.6 -5.6 -5.6 -5.6 -5.6 -5.6 -5.6 -5.6 -5.6 -5.6 -5.6 -5.6 -5.6 -5.6 -2.8 -2.8 -2.8 -2.8 -2.8 -2.8 -2.8 0 0 0 0 0 0 0 2.8 2.8 2.8 2.8 2.8 2.8 5.6 5.6 5.6 5.6 5.6 5.6 5.6 5.6 5.6 5.6 5.6 5.6 5.6 5.6 5.6 5.6 5.6 5.6 5.6 5.6 8.4 8.4 8.4 8.4 8.4 8.4 11.2 11.2 11.2 11.2 11.2 11.2 14 14 14 14 14 14 14 14 14 14 14 14 16.8 16.8 16.8 16.8 16.8 16.8 -16.8 -16.8 -16.8 -16.8 -16.8 -16.8 -16.8 -16.8 -16.8 -16.8 -16.8 -16.8 -14 -14 -14 -14 -14 -14 -14 -14 -14 -14 -14 -14 -14 -11.2 -11.2 -11.2 -11.2 -11.2 -11.2 -11.2 -11.2 -11.2 -11.2 -8.4 -8.4 -8.4 -8.4 -8.4 -8.4 -8.4 -8.4 -5.6 -5.6 -5.6 -5.6 -5.6 -5.6 -5.6 -5.6 -5.6 -5.6 -5.6 -5.6 -5.6 -5.6 -5.6 -5.6 -2.8 -2.8 -2.8 -2.8 -2.8 -2.8 0 0 0 0 0 0 0 2.8 2.8 2.8 2.8 2.8 2.8 2.8 2.8 2.8 5.6 5.6 5.6 5.6 5.6 5.6 5.6 5.6 5.6 5.6 5.6 5.6 5.6 5.6 5.6 5.6 5.6 5.6 5.6 5.6 8.4 8.4 8.4 8.4 8.4 8.4 8.4 8.4 11.2 11.2 11.2 11.2 11.2 14 14 14 14 14 14 14 14 14 14 16.8 16.8 -16.8 -16.8 -16.8 -16.8 -16.8 -16.8 -16.8 -16.8 -16.8 -16.8 -16.8 -16.8 -14 -14 -14 -14 -14 -14 -14 -14 -14 -14 -14 -14 -14 -14 -14 -11.2 -11.2 -11.2 -11.2 -11.2 -11.2 -11.2 -11.2 -11.2 -8.4 -8.4 -8.4 -8.4 -8.4 -8.4 -8.4 -8.4 -5.6 -5.6 -5.6 -5.6 -5.6 -5.6 -5.6 -5.6 -5.6 -5.6 -5.6 -5.6 -2.8 -2.8 -2.8 -2.8 -2.8 -2.8 0 0 0 0 0 0 2.8 2.8 2.8 2.8 2.8 2.8 2.8 2.8 2.8 2.8 5.6 5.6 5.6 5.6 5.6 5.6 5.6 5.6 5.6 5.6 5.6 5.6 5.6 5.6 5.6 5.6 8.4 8.4 8.4 8.4 8.4 8.4 8.4 8.4 11.2 11.2 11.2 11.2 11.2 11.2 14 14 14 14 14 14 14 14 16.8 16.8 -16.8 -16.8 -16.8 -16.8 -16.8 -16.8 -16.8 -16.8 -16.8 -16.8 -16.8 -16.8 -14 -14 -14 -14 -14 -14 -14 -14 -14 -14 -14 -14 -14 -14 -14 -11.2 -11.2 -11.2 -11.2 -11.2 -11.2 -11.2 -11.2 -11.2 -11.2 -8.4 -8.4 -8.4 -8.4 -8.4 -8.4 -5.6 -5.6 -5.6 -5.6 -5.6 -5.6 -5.6 -5.6 -5.6 -5.6 -5.6 -5.6 -5.6 -5.6 -5.6 -5.6 -5.6 -5.6 -5.6 -5.6 -2.8 -2.8 -2.8 -2.8 -2.8 -2.8 0 0 0 0 0 0 2.8 2.8 2.8 2.8 2.8 2.8 2.8 2.8 2.8 5.6 5.6 5.6 5.6 5.6 5.6 5.6 5.6 5.6 5.6 5.6 5.6 5.6 5.6 5.6 5.6 5.6 5.6 8.4 8.4 8.4 8.4 8.4 11.2 11.2 11.2 11.2 14 14 14 14 14 14 -16.8 -16.8 -16.8 -16.8 -16.8 -16.8 -16.8 -16.8 -16.8 -16.8 -14 -14 -14 -14 -14 -14 -14 -14 -14 -14 -14 -14 -11.2 -11.2 -11.2 -11.2 -11.2 -11.2 -11.2 -11.2 -8.4 -8.4 -8.4 -8.4 -8.4 -8.4 -5.6 -5.6 -5.6 -5.6 -5.6 -5.6 -5.6 -5.6 -5.6 -5.6 -5.6 -5.6 -2.8 -2.8 -2.8 -2.8 0 0 0 0 0 2.8 2.8 2.8 2.8 2.8 2.8 2.8 5.6 5.6 5.6 5.6 5.6 5.6 5.6 5.6 5.6 5.6 8.4 8.4 8.4 8.4 11.2 11.2 11.2 11.2 14 14 14 14 14 14 -16.8 -16.8 -16.8 -16.8 -16.8 -16.8 -16.8 -16.8 -14 -14 -14 -14 -14 -14 -14 -14 -14 -14 -14 -14 -11.2 -11.2 -11.2 -11.2 -11.2 -8.4 -8.4 -8.4 -8.4 -5.6 -5.6 -5.6 -5.6 -5.6 -5.6 -5.6 -5.6 -5.6 -5.6 -5.6 -5.6 -2.8 -2.8 -2.8 -2.8 -2.8 -2.8 0 0 0 0 0 0 0 2.8 2.8 2.8 2.8 2.8 5.6 5.6 5.6 5.6 5.6 5.6 8.4 11.2 11.2 11.2 11.2 14 14 14 14 14 14 -16.8 -16.8 -16.8 -16.8 -16.8 -16.8 -14 -14 -14 -14 -14 -14 -14 -14 -14 -14 -14 -14 -11.2 -11.2 -11.2 -11.2 -11.2 -11.2 -8.4 -8.4 -8.4 -8.4 -8.4 -8.4 -5.6 -5.6 -5.6 -5.6 -5.6 -5.6 -5.6 -5.6 -5.6 -5.6 -5.6 -5.6 -5.6 -5.6 -2.8 -2.8 -2.8 -2.8 -2.8 -2.8 -2.8 -2.8 0 0 0 0 0 0 0 0 2.8 2.8 2.8 2.8 2.8 2.8 2.8 2.8 5.6 5.6 5.6 5.6 5.6 5.6 5.6 5.6 5.6 5.6 8.4 8.4 8.4 8.4 11.2 11.2 11.2 11.2 -16.8 -16.8 -16.8 -16.8 -14 -14 -14 -14 -14 -14 -14 -14 -14 -14 -11.2 -11.2 -11.2 -11.2 -11.2 -11.2 -8.4 -8.4 -8.4 -8.4 -8.4 -5.6 -5.6 -5.6 -5.6 -5.6 -5.6 -5.6 -5.6 -2.8 -2.8 -2.8 -2.8 -2.8 0 0 0 0 0 2.8 5.6 5.6 5.6 5.6 5.6 5.6 5.6 5.6 8.4 8.4 8.4 8.4 11.2 -14 -14 -14 -14 -14 -14 -11.2 -11.2 -11.2 -11.2 -11.2 -11.2 -8.4 -8.4 -8.4 -8.4 -8.4 -5.6 -5.6 -5.6 -5.6 -5.6 -5.6 -5.6 -5.6 -2.8 -2.8 -2.8 -2.8 0 0 0 0 2.8 5.6 5.6 5.6 5.6 5.6 5.6 8.4 -14 -14 -11.2 -11.2 -11.2 -11.2 -11.2 -8.4 -8.4 -8.4 -8.4 -8.4 -5.6 -5.6 -5.6 -5.6 -5.6 -5.6 -5.6 -5.6 -5.6 -5.6 -2.8 -2.8 -2.8 -2.8 -2.8 0 0 0 0 0 2.8 2.8 2.8 2.8 5.6 5.6 5.6 5.6 5.6 5.6 -11.2 -8.4 -8.4 -8.4 -8.4 -5.6 -5.6 -5.6 -5.6 -5.6 -5.6 -2.8 -2.8 -2.8 0 0 0 2.8 2.8 2.8 -5.6 -5.6 -5.6 -5.6 -5.6 -5.6 mm
dv:Tf/Scatterer1/L6/Values  =  2151 8.4 11.2 8.4 11.2 8.4 11.2 8.4 11.2 8.4 11.2 8.4 11.2 8.4 11.2 8.4 11.2 8.4 11.2 8.4 11.2 5.6 5.6 5.6 8.4 11.2 8.4 11.2 5.6 5.6 8.4 11.2 5.6 5.6 8.4 11.2 5.6 5.6 5.6 8.4 11.2 8.4 11.2 5.6 5.6 8.4 11.2 5.6 5.6 8.4 11.2 5.6 5.6 5.6 8.4 11.2 8.4 11.2 5.6 5.6 8.4 11.2 5.6 5.6 8.4 11.2 5.6 5.6 5.6 2.8 2.8 8.4 11.2 5.6 5.6 8.4 11.2 5.6 5.6 8.4 11.2 5.6 5.6 8.4 11.2 5.6 5.6 8.4 11.2 5.6 5.6 5.6 2.8 2.8 8.4 11.2 5.6 5.6 8.4 11.2 5.6 5.6 8.4 11.2 5.6 5.6 8.4 11.2 2.8 5.6 5.6 8.4 11.2 0 2.8 5.6 0 2.8 5.6 5.6 2.8 2.8 8.4 11.2 8.4 11.2 5.6 5.6 8.4 11.2 5.6 5.6 8.4 11.2 5.6 5.6 8.4 11.2 2.8 5.6 5.6 8.4 11.2 2.8 5.6 5.6 8.4 11.2 0 2.8 5.6 0 2.8 5.6 5.6 2.8 2.8 8.4 11.2 8.4 11.2 8.4 11.2 8.4 11.2 5.6 5.6 8.4 11.2 5.6 5.6 8.4 11.2 5.6 5.6 8.4 11.2 2.8 5.6 5.6 8.4 11.2 0 2.8 5.6 5.6 8.4 11.2 0 2.8 5.6 0 2.8 5.6 5.6 0 2.8 0 2.8 8.4 11.2 8.4 11.2 5.6 5.6 8.4 11.2 5.6 5.6 8.4 11.2 5.6 5.6 8.4 11.2 5.6 5.6 8.4 11.2 5.6 5.6 8.4 11.2 2.8 5.6 5.6 8.4 11.2 0 2.8 5.6 5.6 8.4 11.2 0 2.8 5.6 0 2.8 5.6 5.6 0 2.8 0 2.8 8.4 11.2 5.6 5.6 8.4 11.2 5.6 5.6 8.4 11.2 5.6 5.6 8.4 11.2 5.6 5.6 8.4 11.2 5.6 5.6 8.4 11.2 0 2.8 5.6 5.6 8.4 11.2 0 2.8 5.6 5.6 8.4 11.2 2.8 5.6 5.6 8.4 11.2 0 2.8 5.6 5.6 8.4 11.2 0 2.8 5.6 0 2.8 5.6 5.6 -2.8 0 2.8 -2.8 0 2.8 8.4 11.2 5.6 5.6 8.4 11.2 5.6 5.6 8.4 11.2 2.8 5.6 5.6 8.4 11.2 2.8 5.6 5.6 8.4 11.2 0 5.6 5.6 8.4 11.2 0 2.8 5.6 5.6 8.4 11.2 0 2.8 5.6 5.6 8.4 11.2 0 2.8 5.6 5.6 8.4 11.2 0 2.8 5.6 5.6 8.4 11.2 -2.8 0 2.8 5.6 -2.8 0 2.8 5.6 5.6 -2.8 0 2.8 -2.8 0 2.8 5.6 5.6 8.4 11.2 -2.8 0 5.6 5.6 8.4 11.2 -2.8 0 5.6 5.6 8.4 11.2 0 2.8 5.6 5.6 8.4 11.2 0 2.8 2.8 5.6 5.6 8.4 11.2 0 2.8 5.6 5.6 8.4 11.2 0 2.8 5.6 5.6 8.4 11.2 5.6 5.6 8.4 11.2 -5.6 -5.6 -2.8 0 -2.8 0 2.8 5.6 -2.8 0 2.8 5.6 5.6 -2.8 0 2.8 -2.8 0 2.8 5.6 5.6 0 2.8 5.6 5.6 8.4 11.2 -2.8 0 2.8 5.6 5.6 8.4 11.2 -2.8 0 2.8 5.6 5.6 8.4 11.2 -2.8 0 2.8 5.6 5.6 8.4 11.2 -2.8 0 2.8 5.6 5.6 8.4 11.2 -2.8 0 2.8 5.6 5.6 8.4 11.2 -5.6 -5.6 -2.8 0 2.8 5.6 5.6 8.4 11.2 -5.6 -5.6 -2.8 0 2.8 5.6 5.6 8.4 11.2 -5.6 -5.6 -2.8 2.8 5.6 5.6 8.4 11.2 -8.4 -5.6 -5.6 -2.8 0 2.8 5.6 5.6 11.2 -5.6 -5.6 -2.8 0 2.8 5.6 -5.6 -5.6 -2.8 0 2.8 5.6 5.6 -2.8 0 -2.8 0 5.6 5.6 5.6 5.6 5.6 8.4 11.2 -5.6 -5.6 -2.8 0 -5.6 -5.6 -2.8 0 2.8 5.6 5.6 8.4 11.2 -2.8 0 2.8 5.6 5.6 8.4 11.2 -5.6 -5.6 -2.8 0 2.8 5.6 5.6 8.4 11.2 -5.6 -5.6 -2.8 0 2.8 5.6 5.6 8.4 11.2 -5.6 -5.6 -2.8 0 2.8 5.6 5.6 8.4 11.2 -8.4 -5.6 -5.6 0 2.8 5.6 5.6 8.4 11.2 -8.4 -2.8 0 5.6 -8.4 -2.8 0 5.6 5.6 -2.8 0 -2.8 0 5.6 5.6 5.6 -2.8 0 5.6 5.6 8.4 11.2 -5.6 -5.6 -2.8 0 -5.6 -5.6 -2.8 0 2.8 5.6 5.6 8.4 11.2 -2.8 0 2.8 5.6 5.6 8.4 11.2 -5.6 -5.6 -2.8 0 2.8 5.6 5.6 8.4 11.2 -5.6 -5.6 -2.8 0 2.8 5.6 5.6 8.4 11.2 -8.4 -5.6 -5.6 -2.8 0 2.8 5.6 5.6 8.4 11.2 -8.4 0 2.8 5.6 5.6 8.4 11.2 -8.4 -2.8 0 -8.4 -2.8 0 -2.8 0 -2.8 0 -5.6 -5.6 0 8.4 11.2 -5.6 -5.6 -2.8 0 2.8 5.6 5.6 8.4 11.2 -5.6 -5.6 -2.8 0 2.8 5.6 5.6 8.4 11.2 -5.6 -5.6 -2.8 0 2.8 5.6 5.6 8.4 11.2 -8.4 -5.6 -5.6 -2.8 0 2.8 5.6 5.6 8.4 11.2 -8.4 -5.6 -5.6 -2.8 0 2.8 5.6 5.6 8.4 11.2 -8.4 -5.6 -5.6 -2.8 0 2.8 8.4 11.2 -8.4 -5.6 -5.6 -2.8 0 2.8 5.6 5.6 8.4 11.2 -8.4 -5.6 -5.6 -2.8 0 2.8 5.6 5.6 8.4 11.2 -8.4 -5.6 -5.6 -2.8 0 2.8 5.6 5.6 8.4 11.2 -8.4 -5.6 -5.6 -2.8 0 2.8 5.6 5.6 -8.4 -5.6 -5.6 -2.8 0 2.8 -8.4 -5.6 -5.6 -2.8 0 2.8 -8.4 -5.6 -5.6 -2.8 0 -8.4 -5.6 -5.6 -2.8 0 2.8 2.8 2.8 5.6 5.6 8.4 11.2 0 2.8 5.6 5.6 8.4 11.2 2.8 5.6 5.6 8.4 11.2 2.8 5.6 5.6 8.4 11.2 2.8 5.6 5.6 8.4 11.2 2.8 5.6 5.6 8.4 11.2 8.4 11.2 -8.4 2.8 5.6 5.6 8.4 11.2 -8.4 2.8 5.6 5.6 8.4 11.2 -8.4 -2.8 0 2.8 5.6 5.6 8.4 11.2 -8.4 -5.6 -5.6 -2.8 0 2.8 5.6 5.6 -8.4 -5.6 -5.6 -2.8 0 2.8 -8.4 -5.6 -5.6 -2.8 0 2.8 -8.4 -5.6 -5.6 -2.8 0 -8.4 -5.6 -5.6 -2.8 0 2.8 2.8 -8.4 -5.6 -5.6 -2.8 0 2.8 5.6 5.6 -8.4 -5.6 -5.6 -2.8 0 2.8 5.6 -8.4 -5.6 -5.6 -2.8 0 2.8 5.6 5.6 8.4 11.2 -8.4 -5.6 -5.6 -2.8 0 2.8 5.6 5.6 8.4 11.2 2.8 5.6 5.6 8.4 11.2 2.8 5.6 5.6 8.4 11.2 5.6 5.6 8.4 11.2 8.4 11.2 8.4 11.2 -8.4 -5.6 -5.6 -2.8 0 8.4 11.2 -8.4 -5.6 -5.6 -2.8 0 8.4 11.2 -5.6 -5.6 -2.8 2.8 5.6 5.6 8.4 11.2 -8.4 -5.6 -5.6 2.8 5.6 5.6 -8.4 -5.6 -5.6 -2.8 0 2.8 -8.4 -5.6 -5.6 -2.8 0 2.8 -8.4 -5.6 -5.6 -2.8 0 -8.4 -5.6 -5.6 -2.8 0 -2.8 0 2.8 -2.8 0 2.8 -8.4 -5.6 -5.6 -2.8 0 2.8 5.6 5.6 -8.4 -5.6 -5.6 -2.8 0 2.8 5.6 -8.4 -5.6 -5.6 -2.8 0 2.8 5.6 5.6 8.4 11.2 -8.4 -5.6 -5.6 -2.8 0 2.8 5.6 5.6 8.4 11.2 -8.4 0 2.8 5.6 5.6 8.4 11.2 -8.4 0 2.8 5.6 5.6 8.4 11.2 -5.6 -5.6 -2.8 0 2.8 5.6 5.6 8.4 11.2 -8.4 -5.6 -5.6 -2.8 0 2.8 5.6 5.6 8.4 11.2 -8.4 -5.6 -5.6 -2.8 0 2.8 5.6 5.6 8.4 11.2 -8.4 -5.6 -5.6 -2.8 0 2.8 5.6 5.6 8.4 11.2 -8.4 -5.6 -5.6 -2.8 0 2.8 5.6 5.6 8.4 11.2 -8.4 -5.6 -5.6 -2.8 0 2.8 5.6 5.6 8.4 11.2 -8.4 -5.6 -5.6 -2.8 0 2.8 5.6 5.6 -8.4 -5.6 -5.6 -2.8 0 2.8 -8.4 -5.6 -5.6 -2.8 0 2.8 -8.4 -5.6 -5.6 0 -8.4 -5.6 -5.6 0 -2.8 0 2.8 -2.8 0 2.8 -8.4 -5.6 -5.6 0 2.8 5.6 5.6 -8.4 -5.6 -5.6 0 2.8 5.6 -8.4 -5.6 -5.6 0 2.8 5.6 5.6 8.4 11.2 -8.4 -5.6 -5.6 -2.8 5.6 5.6 8.4 11.2 -8.4 -5.6 -5.6 -2.8 0 8.4 11.2 -8.4 -5.6 -5.6 -2.8 0 8.4 11.2 -8.4 -5.6 -5.6 -2.8 0 8.4 11.2 -8.4 -5.6 -5.6 -2.8 0 2.8 8.4 11.2 -8.4 -5.6 -5.6 -2.8 0 2.8 11.2 -8.4 -5.6 -5.6 -2.8 0 2.8 8.4 11.2 -8.4 -5.6 -5.6 -2.8 0 2.8 8.4 11.2 -2.8 0 2.8 5.6 5.6 8.4 11.2 -5.6 -5.6 0 2.8 5.6 5.6 -8.4 -5.6 -5.6 -2.8 0 2.8 -8.4 -5.6 -5.6 -2.8 0 2.8 -8.4 -5.6 -5.6 0 -8.4 -5.6 -5.6 0 -5.6 -5.6 0 2.8 -5.6 -5.6 0 2.8 -5.6 -5.6 -2.8 0 2.8 5.6 5.6 -5.6 -5.6 -2.8 0 2.8 5.6 -8.4 -5.6 -5.6 2.8 5.6 5.6 8.4 11.2 -8.4 -5.6 -5.6 -2.8 2.8 5.6 5.6 8.4 11.2 -8.4 -5.6 -5.6 -2.8 0 5.6 5.6 8.4 11.2 -8.4 -5.6 -5.6 -2.8 0 5.6 5.6 8.4 11.2 -8.4 -5.6 -5.6 -2.8 0 8.4 11.2 -8.4 -5.6 -5.6 -2.8 0 8.4 11.2 -8.4 -2.8 0 2.8 8.4 11.2 -8.4 -5.6 -5.6 -2.8 0 2.8 5.6 5.6 8.4 11.2 -8.4 -5.6 -5.6 -2.8 0 2.8 5.6 5.6 8.4 11.2 -8.4 -2.8 0 2.8 5.6 5.6 -8.4 -2.8 0 2.8 5.6 5.6 -8.4 -5.6 -5.6 -2.8 0 2.8 -8.4 -5.6 -5.6 -2.8 0 2.8 -8.4 -5.6 -5.6 -8.4 -5.6 -5.6 -8.4 -5.6 -5.6 -2.8 0 2.8 -8.4 -5.6 -5.6 -2.8 0 2.8 -5.6 -5.6 -2.8 0 2.8 5.6 5.6 -5.6 -5.6 -2.8 0 2.8 5.6 -8.4 -5.6 -5.6 -2.8 0 2.8 5.6 5.6 8.4 11.2 -8.4 -5.6 -5.6 -2.8 5.6 5.6 8.4 11.2 -8.4 -5.6 -5.6 -2.8 5.6 5.6 8.4 11.2 -8.4 -5.6 -5.6 -2.8 5.6 5.6 8.4 11.2 -8.4 -5.6 -5.6 -2.8 8.4 11.2 -8.4 -5.6 -5.6 -2.8 0 8.4 11.2 -8.4 -5.6 -5.6 -2.8 0 5.6 5.6 8.4 11.2 -8.4 -5.6 -5.6 -2.8 0 2.8 5.6 5.6 8.4 11.2 -8.4 -5.6 -5.6 -2.8 0 2.8 5.6 5.6 8.4 11.2 -8.4 -5.6 -5.6 -2.8 0 2.8 5.6 5.6 -8.4 -5.6 -5.6 0 2.8 -8.4 -5.6 -5.6 -2.8 2.8 -8.4 -5.6 -5.6 -2.8 2.8 -8.4 -8.4 -8.4 -5.6 -5.6 -2.8 0 2.8 -8.4 -5.6 -5.6 -2.8 0 2.8 -8.4 -5.6 -5.6 -2.8 0 2.8 5.6 5.6 -8.4 -5.6 -5.6 -2.8 0 2.8 5.6 -8.4 -5.6 -5.6 -2.8 2.8 5.6 5.6 8.4 11.2 -8.4 -5.6 -5.6 -2.8 5.6 5.6 8.4 11.2 -8.4 -5.6 -5.6 -2.8 8.4 11.2 -8.4 -5.6 -5.6 -2.8 8.4 11.2 -8.4 -5.6 -5.6 -2.8 0 11.2 -8.4 -5.6 -5.6 -2.8 0 11.2 -8.4 -5.6 -5.6 -2.8 0 2.8 5.6 5.6 8.4 11.2 -8.4 -5.6 -5.6 -2.8 0 2.8 8.4 11.2 -8.4 -5.6 -5.6 -2.8 0 2.8 8.4 11.2 -8.4 -5.6 -5.6 -2.8 0 2.8 5.6 5.6 -8.4 -5.6 -5.6 -2.8 0 2.8 -8.4 -5.6 -5.6 -2.8 -8.4 -5.6 -5.6 -2.8 -8.4 -8.4 -8.4 -5.6 -5.6 -2.8 0 2.8 -8.4 -5.6 -5.6 -2.8 0 2.8 -8.4 -5.6 -5.6 -2.8 0 2.8 5.6 5.6 -8.4 -5.6 -5.6 -2.8 0 2.8 5.6 -8.4 -5.6 -5.6 -2.8 0 2.8 5.6 5.6 8.4 11.2 -8.4 -2.8 5.6 5.6 8.4 11.2 -8.4 -5.6 -5.6 -2.8 0 2.8 5.6 5.6 8.4 11.2 -8.4 -5.6 -5.6 -2.8 0 2.8 5.6 5.6 8.4 11.2 -8.4 -2.8 0 2.8 5.6 5.6 -8.4 -5.6 -5.6 2.8 5.6 5.6 -8.4 -5.6 -5.6 -2.8 0 5.6 5.6 8.4 11.2 -8.4 -5.6 -5.6 -2.8 0 5.6 5.6 8.4 11.2 -8.4 -5.6 -5.6 -2.8 0 5.6 5.6 8.4 11.2 -8.4 0 2.8 5.6 5.6 -8.4 -5.6 -5.6 0 -8.4 -5.6 -5.6 -8.4 -5.6 -5.6 -8.4 -5.6 -5.6 -2.8 0 -8.4 -5.6 -5.6 -2.8 0 -8.4 -5.6 -5.6 -2.8 0 2.8 -8.4 -5.6 -5.6 -2.8 0 2.8 -8.4 -2.8 0 2.8 5.6 5.6 8.4 11.2 -2.8 2.8 5.6 5.6 8.4 11.2 -5.6 -5.6 -2.8 0 5.6 5.6 -5.6 -5.6 -2.8 0 5.6 5.6 -5.6 -5.6 -2.8 0 -8.4 -5.6 -5.6 -2.8 0 -8.4 -5.6 -5.6 -2.8 0 8.4 11.2 -8.4 -2.8 0 5.6 5.6 -8.4 -2.8 0 5.6 5.6 -8.4 2.8 5.6 5.6 -8.4 -5.6 -5.6 -2.8 -8.4 -5.6 -5.6 -8.4 -5.6 -5.6 -8.4 -5.6 -5.6 -2.8 -8.4 -5.6 -5.6 -2.8 -8.4 -5.6 -5.6 -2.8 0 2.8 -8.4 -5.6 -5.6 -2.8 0 2.8 -8.4 -5.6 -5.6 -2.8 2.8 -2.8 2.8 5.6 5.6 -5.6 -5.6 -2.8 0 5.6 5.6 -5.6 -5.6 -2.8 0 5.6 5.6 -5.6 -5.6 -2.8 0 5.6 5.6 -8.4 -5.6 -5.6 -2.8 0 5.6 5.6 -8.4 -5.6 -5.6 -2.8 0 -8.4 -2.8 0 -8.4 -2.8 0 -8.4 -8.4 -5.6 -5.6 -2.8 -8.4 -5.6 -5.6 -8.4 -5.6 -5.6 -8.4 -5.6 -5.6 -8.4 -5.6 -5.6 -8.4 -5.6 -5.6 -2.8 0 2.8 -8.4 -5.6 -5.6 -2.8 0 2.8 -8.4 -5.6 -5.6 -2.8 0 2.8 -8.4 -2.8 0 2.8 5.6 5.6 -8.4 -5.6 -5.6 -2.8 0 5.6 5.6 -8.4 -5.6 -5.6 -2.8 0 5.6 5.6 -8.4 -5.6 -5.6 -2.8 0 2.8 5.6 5.6 -8.4 -5.6 -5.6 -2.8 0 2.8 5.6 5.6 -8.4 -5.6 -5.6 -2.8 0 2.8 5.6 5.6 -8.4 -5.6 -5.6 0 2.8 -8.4 -5.6 -5.6 0 2.8 -8.4 -5.6 -5.6 -2.8 -8.4 -5.6 -5.6 -2.8 -5.6 -5.6 -5.6 -5.6 -8.4 -5.6 -5.6 -2.8 0 -8.4 -5.6 -5.6 -2.8 0 -8.4 -5.6 -5.6 -2.8 0 2.8 -8.4 -5.6 -5.6 0 2.8 -8.4 -5.6 -5.6 2.8 -8.4 -5.6 -5.6 2.8 -8.4 -5.6 -5.6 0 2.8 -8.4 -5.6 -5.6 -2.8 2.8 -8.4 -8.4 -5.6 -5.6 0 -8.4 -5.6 -5.6 0 -8.4 -5.6 -5.6 -2.8 -8.4 -8.4 -5.6 -5.6 -8.4 -5.6 -5.6 -8.4 -5.6 -5.6 -2.8 0 2.8 -8.4 -5.6 -5.6 0 2.8 -8.4 -5.6 -5.6 2.8 -8.4 -5.6 -5.6 2.8 -8.4 -5.6 -5.6 0 -8.4 -5.6 -5.6 -2.8 -8.4 -8.4 -5.6 -5.6 -8.4 -5.6 -5.6 -8.4 -8.4 -8.4 -8.4 -5.6 -5.6 -2.8 0 -8.4 -5.6 -5.6 -2.8 0 -8.4 -5.6 -5.6 -2.8 0 -8.4 -5.6 -5.6 -2.8 0 -8.4 -5.6 -5.6 -2.8 0 -8.4 -5.6 -5.6 -2.8 0 -8.4 -5.6 -5.6 -2.8 -8.4 -5.6 -5.6 -8.4 -5.6 -5.6 -8.4 -8.4 -5.6 -5.6 -2.8 -8.4 -5.6 -5.6 -8.4 -5.6 -5.6 -8.4 -5.6 -5.6 -8.4 -5.6 -5.6 -8.4 -5.6 -5.6 -8.4 -5.6 -5.6 -8.4 -5.6 -5.6 mm
dv:Tf/Scatterer1/L7/Values  = 2151 0 0 0 0 0 0 0 0 0 0 0 0 0 0 0 0 0 0 0 0 0 0 0 0 0 0 0 0 0 0 0 0 0 0 0 0 0 0 0 0 0 0 0 0 0 0 0 0 0 0 0 0 0 0 0 0 0 0 0 0 0 0 0 0 0 0 0 0 0 0 0 0 0 0 0 0 0 0 0 0 0 0 0 0 0 0 0 0 0 0 0 0 0 0 0 0 0 0 0 0 0 0 0 0 0 0 0 0 0 0 0 0 0 0 0 0 0 0 0 0 0 0 0 0 0 0 0 0 0 0 0 0 0 0 0 0 0 0 0 0 0 0 0 0 0 0 0 0 0 0 0 0 0 0 0 0 0 0 0 0 0 0 0 0 0 0 0 0 0 0 0 0 0 0 0 0 0 0 0 0 0 0 0 0 0 0 0 0 0 0 0 0 0 0 0 0 0 0 0 0 0 0 0 0 0 0 0 0 0 0 0 0 0 0 0 0 0 0 0 0 0 0 0 0 0 0 0 0 0 0 0 0 0 0 0 0 0 0 0 0 0 0 0 0 0 0 0 0 0 0 0 0 0 0 0 0 0 0 0 0 0 0 0 0 0 0 0 0 0 0 0 0 0 0 0 0 0 0 0 0 0 0 0 0 0 0 0 0 0 0 0 0 0 0 0 0 0 0 0 0 0 0 0 0 0 0 0 0 0 0 0 0 0 0 0 0 0 0 0 0 0 0 0 0 0 0 0 0 0 0 0 0 0 0 0 0 0 0 0 0 0 0 0 0 0 0 0 0 0 0 0 0 0 0 0 0 0 0 0 0 0 0 0 0 0 0 0 0 0 0 0 0 0 0 0 0 0 0 0 0 0 0 0 0 0 0 0 0 0 0 0 0 0 0 0 0 0 0 0 0 0 0 0 0 0 0 0 0 0 0 0 0 0 0 0 0 0 0 0 0 0 0 0 0 0 0 0 0 0 0 0 0 0 0 0 0 0 0 0 0 0 0 0 0 0 0 0 0 0 0 0 0 0 0 0 0 0 0 0 0 0 0 0 0 0 0 0 0 0 0 0 0 0 0 0 0 0 0 0 0 0 0 0 0 0 0 0 0 0 0 0 0 0 0 0 0 0 0 0 0 0 0 0 0 0 0 0 0 0 0 0 0 0 0 0 0 0 0 0 0 0 0 0 0 0 0 0 0 0 0 0 0 0 0 0 0 0 0 0 0 0 0 0 0 0 0 0 0 0 0 0 0 0 0 0 0 0 0 0 0 0 0 0 0 0 0 0 0 0 0 0 0 0 0 0 0 0 0 0 0 0 0 0 0 0 0 0 0 0 0 0 0 0 0 0 0 0 0 0 0 0 0 0 0 0 0 0 0 0 0 0 0 0 0 0 0 0 0 0 0 0 0 0 0 0 0 0 0 0 0 0 0 0 0 0 0 0 0 0 0 0 0 0 0 0 0 0 0 0 0 0 0 0 0 0 0 0 0 0 0 0 0 0 0 0 0 0 0 0 0 0 0 0 0 0 0 0 0 0 0 0 0 0 0 0 0 0 0 0 0 0 0 0 0 0 0 0 0 0 0 0 0 0 0 0 0 0 0 0 0 0 0 0 0 0 0 0 0 0 0 0 0 0 0 0 0 0 0 0 0 0 0 0 0 0 0 0 0 0 0 0 0 0 0 0 0 0 0 0 0 0 0 0 0 0 0 0 0 0 0 0 0 0 0 0 0 0 0 0 0 0 0 0 0 0 0 0 0 0 0 0 0 0 0 0 0 0 0 0 0 0 0 0 0 0 0 0 0 0 0 0 0 0 0 0 0 0 0 0 0 0 0 0 0 0 0 0 0 0 0 0 0 0 0 0 0 0 0 0 0 0 0 0 0 0 0 0 0 0 0 0 0 0 0 0 0 0 0 0 0 0 0 0 0 0 0 0 0 0 0 0 0 0 0 0 0 0 0 0 0 0 0 0 0 0 0 0 0 0 0 0 0 0 0 0 0 0 0 0 0 0 0 0 0 0 0 0 0 0 0 0 0 0 0 0 0 0 0 0 0 0 0 0 0 0 0 0 0 0 0 0 0 0 0 0 0 0 0 0 0 0 0 0 0 0 0 0 0 0 0 0 0 0 0 0 0 0 0 0 0 0 0 0 0 0 0 0 0 0 0 0 0 0 0 0 0 0 0 0 0 0 0 0 0 0 0 0 0 0 0 0 0 0 0 0 0 0 0 0 0 0 0 0 0 0 0 0 0 0 0 0 0 0 0 0 0 0 0 0 0 0 0 0 0 0 0 0 0 0 0 0 0 0 0 0 0 0 0 0 0 0 0 0 0 0 0 0 0 0 0 0 0 0 0 0 0 0 0 0 0 0 0 0 0 0 0 0 0 0 0 0 0 0 0 0 0 0 0 0 0 0 0 0 0 0 0 0 0 0 0 0 0 0 0 0 0 0 0 0 0 0 0 0 0 0 0 0 0 0 0 0 0 0 0 0 0 0 0 0 0 0 0 0 0 0 0 0 0 0 0 0 0 0 0 0 0 0 0 0 0 0 0 0 0 0 0 0 0 0 0 0 0 0 0 0 0 0 0 0 0 0 0 0 0 0 0 0 0 0 0 0 0 0 0 0 0 0 0 0 0 0 0 0 0 0 0 0 0 0 0 0 0 0 0 0 0 0 0 0 0 0 0 0 0 0 0 0 0 0 0 0 0 0 0 0 0 0 0 0 0 0 0 0 0 0 0 0 0 0 0 0 0 0 0 0 0 0 0 0 0 0 0 0 0 0 0 0 0 0 0 0 0 0 0 0 0 0 0 0 0 0 0 0 0 0 0 0 0 0 0 0 0 0 0 0 0 0 0 0 0 0 0 0 0 0 0 0 0 0 0 0 0 0 0 0 0 0 0 0 0 0 0 0 0 0 0 0 0 0 0 0 0 0 0 0 0 0 0 0 0 0 0 0 0 0 0 0 0 0 0 0 0 0 0 0 0 0 0 0 0 0 0 0 0 0 0 0 0 0 0 0 0 0 0 0 0 0 0 0 0 0 0 0 0 0 0 0 0 0 0 0 0 0 0 0 0 0 0 0 0 0 0 0 0 0 0 0 0 0 0 0 0 0 0 0 0 0 0 0 0 0 0 0 0 0 0 0 0 0 0 0 0 0 0 0 0 0 0 0 0 0 0 0 0 0 0 0 0 0 0 0 0 0 0 0 0 0 0 0 0 0 0 0 0 0 0 0 0 0 0 0 0 0 0 0 0 0 0 0 0 0 0 0 0 0 0 0 0 0 0 0 0 0 0 0 0 0 0 0 0 0 0 0 0 0 0 0 0 0 0 0 0 0 0 0 0 0 0 0 0 0 0 0 0 0 0 0 0 0 0 0 0 0 0 0 0 0 0 0 0 0 0 0 0 0 0 0 0 0 0 0 0 0 0 0 0 0 0 0 0 0 0 0 0 0 0 0 0 0 0 0 0 0 0 0 0 0 0 0 0 0 0 0 0 0 0 0 0 0 0 0 0 0 0 0 0 0 0 0 0 0 0 0 0 0 0 0 0 0 0 0 0 0 0 0 0 0 0 0 0 0 0 0 0 0 0 0 0 0 0 0 0 0 0 0 0 0 0 0 0 0 0 0 0 0 0 0 0 0 0 0 0 0 0 0 0 0 0 0 0 0 0 0 0 0 0 0 0 0 0 0 0 0 0 0 0 0 0 0 0 0 0 0 0 0 0 0 0 0 0 0 0 0 0 0 0 0 0 0 0 0 0 0 0 0 0 0 0 0 0 0 0 0 0 0 0 0 0 0 0 0 0 0 0 0 0 0 0 0 0 0 0 0 0 0 0 0 0 0 0 0 0 0 0 0 0 0 0 0 0 0 0 0 0 0 0 0 0 0 0 0 0 0 0 0 0 0 0 0 0 0 0 0 0 0 0 0 0 0 0 0 0 0 0 0 0 0 0 0 0 0 0 0 0 0 0 0 0 0 0 0 0 0 0 0 0 0 0 0 0 0 0 0 0 0 0 0 0 0 0 0 0 0 0 0 0 0 0 0 0 0 0 0 0 0 0 0 0 0 0 0 0 0 0 0 0 0 0 0 0 0 0 0 0 0 0 0 0 0 0 0 0 0 0 0 0 0 0 0 0 0 0 0 0 0 0 0 0 0 0 0 0 0 0 0 0 0 0 0 0 0 0 0 0 0 0 0 0 0 0 0 0 0 0 0 0 0 0 0 0 0 0 0 0 0 0 0 0 0 0 0 0 0 0 0 0 0 0 0 0 0 0 0 0 0 0 0 0 0 0 0 0 0 0 0 0 0 0 0 0 0 0 0 0 0 0 0 0 0 0 0 0 0 0 0 0 0 0 0 0 0 0 0 0 0 0 0 0 0 0 0 0 0 0 0 0 0 0 0 0 0 0 0 0 0 0 0 0 0 0 0 0 0 0 0 0 0 0 0 0 0 0 0 0 0 0 0 0 0 0 0 0 0 0 0 0 0 0 0 0 0 0 0 0 0 0 0 0 0 0 0 0 0 0 0 0 0 0 0 0 0 0 0 0 0 0 0 0 0 0 0 0 0 0 0 0 0 0 0 0 0 0 0 0 0 0 0 0 0 0 0 0 0 0 0 0 0 0 0 0 0 0 0 0 0 0 0 0 0 0 0 0 0 0 0 0 0 0 0 0 0 0 0 0 0 0 0 0 0 0 0 0 0 0 0 0 0 0 0 0 0 0 0 0 0 0 0 0 0 0 0 0 0 0 0 0 0 0 0 0 0 0 0 0 0 0 0 0 0 0 0 0 0 0 0 0 0 0 0 0 0 0 0 0 0 0 0 0 0 0 0 deg
dv:Tf/Scatterer1/L8/Values  = 2151 0 0 0 0 0 0 0 0 0 0 0 0 0 0 0 0 0 0 0 0 0 0 0 0 0 0 0 0 0 0 0 0 0 0 0 0 0 0 0 0 0 0 0 0 0 0 0 0 0 0 0 0 0 0 0 0 0 0 0 0 0 0 0 0 0 0 0 0 0 0 0 0 0 0 0 0 0 0 0 0 0 0 0 0 0 0 0 0 0 0 0 0 0 0 0 0 0 0 0 0 0 0 0 0 0 0 0 0 0 0 0 0 0 0 0 0 0 0 0 0 0 0 0 0 0 0 0 0 0 0 0 0 0 0 0 0 0 0 0 0 0 0 0 0 0 0 0 0 0 0 0 0 0 0 0 0 0 0 0 0 0 0 0 0 0 0 0 0 0 0 0 0 0 0 0 0 0 0 0 0 0 0 0 0 0 0 0 0 0 0 0 0 0 0 0 0 0 0 0 0 0 0 0 0 0 0 0 0 0 0 0 0 0 0 0 0 0 0 0 0 0 0 0 0 0 0 0 0 0 0 0 0 0 0 0 0 0 0 0 0 0 0 0 0 0 0 0 0 0 0 0 0 0 0 0 0 0 0 0 0 0 0 0 0 0 0 0 0 0 0 0 0 0 0 0 0 0 0 0 0 0 0 0 0 0 0 0 0 0 0 0 0 0 0 0 0 0 0 0 0 0 0 0 0 0 0 0 0 0 0 0 0 0 0 0 0 0 0 0 0 0 0 0 0 0 0 0 0 0 0 0 0 0 0 0 0 0 0 0 0 0 0 0 0 0 0 0 0 0 0 0 0 0 0 0 0 0 0 0 0 0 0 0 0 0 0 0 0 0 0 0 0 0 0 0 0 0 0 0 0 0 0 0 0 0 0 0 0 0 0 0 0 0 0 0 0 0 0 0 0 0 0 0 0 0 0 0 0 0 0 0 0 0 0 0 0 0 0 0 0 0 0 0 0 0 0 0 0 0 0 0 0 0 0 0 0 0 0 0 0 0 0 0 0 0 0 0 0 0 0 0 0 0 0 0 0 0 0 0 0 0 0 0 0 0 0 0 0 0 0 0 0 0 0 0 0 0 0 0 0 0 0 0 0 0 0 0 0 0 0 0 0 0 0 0 0 0 0 0 0 0 0 0 0 0 0 0 0 0 0 0 0 0 0 0 0 0 0 0 0 0 0 0 0 0 0 0 0 0 0 0 0 0 0 0 0 0 0 0 0 0 0 0 0 0 0 0 0 0 0 0 0 0 0 0 0 0 0 0 0 0 0 0 0 0 0 0 0 0 0 0 0 0 0 0 0 0 0 0 0 0 0 0 0 0 0 0 0 0 0 0 0 0 0 0 0 0 0 0 0 0 0 0 0 0 0 0 0 0 0 0 0 0 0 0 0 0 0 0 0 0 0 0 0 0 0 0 0 0 0 0 0 0 0 0 0 0 0 0 0 0 0 0 0 0 0 0 0 0 0 0 0 0 0 0 0 0 0 0 0 0 0 0 0 0 0 0 0 0 0 0 0 0 0 0 0 0 0 0 0 0 0 0 0 0 0 0 0 0 0 0 0 0 0 0 0 0 0 0 0 0 0 0 0 0 0 0 0 0 0 0 0 0 0 0 0 0 0 0 0 0 0 0 0 0 0 0 0 0 0 0 0 0 0 0 0 0 0 0 0 0 0 0 0 0 0 0 0 0 0 0 0 0 0 0 0 0 0 0 0 0 0 0 0 0 0 0 0 0 0 0 0 0 0 0 0 0 0 0 0 0 0 0 0 0 0 0 0 0 0 0 0 0 0 0 0 0 0 0 0 0 0 0 0 0 0 0 0 0 0 0 0 0 0 0 0 0 0 0 0 0 0 0 0 0 0 0 0 0 0 0 0 0 0 0 0 0 0 0 0 0 0 0 0 0 0 0 0 0 0 0 0 0 0 0 0 0 0 0 0 0 0 0 0 0 0 0 0 0 0 0 0 0 0 0 0 0 0 0 0 0 0 0 0 0 0 0 0 0 0 0 0 0 0 0 0 0 0 0 0 0 0 0 0 0 0 0 0 0 0 0 0 0 0 0 0 0 0 0 0 0 0 0 0 0 0 0 0 0 0 0 0 0 0 0 0 0 0 0 0 0 0 0 0 0 0 0 0 0 0 0 0 0 0 0 0 0 0 0 0 0 0 0 0 0 0 0 0 0 0 0 0 0 0 0 0 0 0 0 0 0 0 0 0 0 0 0 0 0 0 0 0 0 0 0 0 0 0 0 0 0 0 0 0 0 0 0 0 0 0 0 0 0 0 0 0 0 0 0 0 0 0 0 0 0 0 0 0 0 0 0 0 0 0 0 0 0 0 0 0 0 0 0 0 0 0 0 0 0 0 0 0 0 0 0 0 0 0 0 0 0 0 0 0 0 0 0 0 0 0 0 0 0 0 0 0 0 0 0 0 0 0 0 0 0 0 0 0 0 0 0 0 0 0 0 0 0 0 0 0 0 0 0 0 0 0 0 0 0 0 0 0 0 0 0 0 0 0 0 0 0 0 0 0 0 0 0 0 0 0 0 0 0 0 0 0 0 0 0 0 0 0 0 0 0 0 0 0 0 0 0 0 0 0 0 0 0 0 0 0 0 0 0 0 0 0 0 0 0 0 0 0 0 0 0 0 0 0 0 0 0 0 0 0 0 0 0 0 0 0 0 0 0 0 0 0 0 0 0 0 0 0 0 0 0 0 0 0 0 0 0 0 0 0 0 0 0 0 0 0 0 0 0 0 0 0 0 0 0 0 0 0 0 0 0 0 0 0 0 0 0 0 0 0 0 0 0 0 0 0 0 0 0 0 0 0 0 0 0 0 0 0 0 0 0 0 0 0 0 0 0 0 0 0 0 0 0 0 0 0 0 0 0 0 0 0 0 0 0 0 0 0 0 0 0 0 0 0 0 0 0 0 0 0 0 0 0 0 0 0 0 0 0 0 0 0 0 0 0 0 0 0 0 0 0 0 0 0 0 0 0 0 0 0 0 0 0 0 0 0 0 0 0 0 0 0 0 0 0 0 0 0 0 0 0 0 0 0 0 0 0 0 0 0 0 0 0 0 0 0 0 0 0 0 0 0 0 0 0 0 0 0 0 0 0 0 0 0 0 0 0 0 0 0 0 0 0 0 0 0 0 0 0 0 0 0 0 0 0 0 0 0 0 0 0 0 0 0 0 0 0 0 0 0 0 0 0 0 0 0 0 0 0 0 0 0 0 0 0 0 0 0 0 0 0 0 0 0 0 0 0 0 0 0 0 0 0 0 0 0 0 0 0 0 0 0 0 0 0 0 0 0 0 0 0 0 0 0 0 0 0 0 0 0 0 0 0 0 0 0 0 0 0 0 0 0 0 0 0 0 0 0 0 0 0 0 0 0 0 0 0 0 0 0 0 0 0 0 0 0 0 0 0 0 0 0 0 0 0 0 0 0 0 0 0 0 0 0 0 0 0 0 0 0 0 0 0 0 0 0 0 0 0 0 0 0 0 0 0 0 0 0 0 0 0 0 0 0 0 0 0 0 0 0 0 0 0 0 0 0 0 0 0 0 0 0 0 0 0 0 0 0 0 0 0 0 0 0 0 0 0 0 0 0 0 0 0 0 0 0 0 0 0 0 0 0 0 0 0 0 0 0 0 0 0 0 0 0 0 0 0 0 0 0 0 0 0 0 0 0 0 0 0 0 0 0 0 0 0 0 0 0 0 0 0 0 0 0 0 0 0 0 0 0 0 0 0 0 0 0 0 0 0 0 0 0 0 0 0 0 0 0 0 0 0 0 0 0 0 0 0 0 0 0 0 0 0 0 0 0 0 0 0 0 0 0 0 0 0 0 0 0 0 0 0 0 0 0 0 0 0 0 0 0 0 0 0 0 0 0 0 0 0 0 0 0 0 0 0 0 0 0 0 0 0 0 0 0 0 0 0 0 0 0 0 0 0 0 0 0 0 0 0 0 0 0 0 0 0 0 0 0 0 0 0 0 0 0 0 0 0 0 0 0 0 0 0 0 0 0 0 0 0 0 0 0 0 0 0 0 0 0 0 0 0 0 0 0 0 0 0 0 0 0 0 0 0 0 0 0 0 0 0 0 0 0 0 0 0 0 0 0 0 0 0 0 0 0 0 0 0 0 0 0 0 0 0 0 0 0 0 0 0 0 0 0 0 0 0 0 0 0 0 0 0 0 0 0 0 0 0 0 0 0 0 0 0 0 0 0 0 0 0 0 0 0 0 0 0 0 0 0 0 0 0 0 0 0 0 0 0 0 0 0 0 0 0 0 0 0 0 0 0 0 0 0 0 0 0 0 0 0 0 0 0 0 0 0 0 0 0 0 0 0 0 0 0 0 0 0 0 0 0 0 0 0 0 0 0 0 0 0 0 0 0 0 0 0 0 0 0 0 0 0 0 0 0 0 0 0 0 0 0 0 0 0 0 0 0 0 0 0 0 0 0 0 0 0 0 0 0 0 0 0 0 0 0 0 0 0 0 0 0 0 0 0 0 0 0 0 0 0 0 0 0 0 0 0 0 0 0 0 0 0 0 0 0 0 0 0 0 0 0 0 0 0 0 0 0 0 0 0 0 0 0 0 0 0 0 0 0 0 0 0 0 0 0 0 0 0 0 0 0 0 0 0 0 0 0 0 0 0 0 0 0 0 0 0 0 0 0 0 0 0 0 0 0 0 0 0 0 0 0 0 0 0 0 0 0 0 0 0 0 0 0 0 0 0 0 0 0 0 0 0 0 0 0 0 0 0 0 0 0 0 0 0 0 0 0 0 0 0 0 0 0 0 0 0 0 0 0 0 0 0 0 0 0 0 0 0 0 deg
dv:Tf/Scatterer1/L9/Values  = 2151 4.5830376341 4.5830376341 4.5830376341 4.5830376341 4.5830376341 4.5830376341 4.5830376341 4.5830376341 4.5830376341 4.5830376341 4.5830376341 4.5830376341 4.5830376341 4.5830376341 4.5830376341 4.5830376341 4.5830376341 4.5830376341 4.5830376341 4.5830376341 4.5830376341 4.5830376341 4.5830376341 4.5830376341 4.5830376341 4.5830376341 4.5830376341 4.5830376341 4.5830376341 4.5830376341 4.5830376341 4.5830376341 4.5830376341 4.5830376341 4.5830376341 4.5830376341 4.5830376341 4.5830376341 4.5830376341 4.5830376341 4.5830376341 4.5830376341 4.5830376341 4.5830376341 4.5830376341 4.5830376341 4.5830376341 4.5830376341 4.5830376341 4.5830376341 4.5830376341 4.5830376341 4.5830376341 4.5830376341 4.5830376341 4.5830376341 4.5830376341 4.5830376341 4.5830376341 4.5830376341 4.5830376341 4.5830376341 4.5830376341 4.5830376341 4.5830376341 4.5830376341 4.5830376341 4.5830376341 4.5830376341 4.5830376341 4.5830376341 4.5830376341 4.5830376341 4.5830376341 4.5830376341 4.5830376341 4.5830376341 4.5830376341 4.5830376341 4.5830376341 4.5830376341 4.5830376341 4.5830376341 4.5830376341 4.5830376341 4.5830376341 4.5830376341 4.5830376341 4.5830376341 4.5830376341 4.5830376341 4.5830376341 4.5830376341 4.5830376341 4.5830376341 4.5830376341 4.5830376341 4.5830376341 4.5830376341 4.5830376341 4.5830376341 4.5830376341 4.5830376341 4.5830376341 4.5830376341 4.5830376341 4.5830376341 4.5830376341 4.5830376341 4.5830376341 4.5830376341 4.5830376341 4.5830376341 4.5830376341 4.5830376341 4.5830376341 4.5830376341 4.5830376341 4.5830376341 4.5830376341 4.5830376341 4.5830376341 4.5830376341 4.5830376341 4.5830376341 4.5830376341 4.5830376341 4.5830376341 4.5830376341 4.5830376341 4.5830376341 4.5830376341 4.5830376341 4.5830376341 4.5830376341 4.5830376341 4.5830376341 4.5830376341 4.5830376341 4.5830376341 4.5830376341 4.5830376341 4.5830376341 4.5830376341 4.5830376341 4.5830376341 4.5830376341 4.5830376341 4.5830376341 4.5830376341 4.5830376341 4.5830376341 4.5830376341 4.5830376341 4.5830376341 4.5830376341 4.6053360132 4.6053360132 4.6053360132 4.6053360132 4.6053360132 4.6053360132 4.6053360132 4.6053360132 4.6053360132 4.6053360132 4.6053360132 4.6053360132 4.6053360132 4.6053360132 4.6053360132 4.6053360132 4.6053360132 4.6053360132 4.6053360132 4.6053360132 4.6053360132 4.6053360132 4.6053360132 4.6053360132 4.6053360132 4.6053360132 4.6053360132 4.6053360132 4.6053360132 4.6053360132 4.6053360132 4.6053360132 4.6053360132 4.6053360132 4.6053360132 4.6053360132 4.6053360132 4.6053360132 4.6053360132 4.6053360132 4.6053360132 4.6053360132 4.5830376341 4.5830376341 4.5830376341 4.5830376341 4.5830376341 4.5830376341 4.5830376341 4.5830376341 4.5830376341 4.5830376341 4.5830376341 4.5830376341 4.5830376341 4.5830376341 4.5830376341 4.5830376341 4.5830376341 4.5830376341 4.5830376341 4.5830376341 4.5830376341 4.5830376341 4.5830376341 4.5830376341 4.5830376341 4.5830376341 4.5830376341 4.5830376341 4.5830376341 4.5830376341 4.5830376341 4.5830376341 4.5830376341 4.5830376341 4.5830376341 4.5830376341 4.5830376341 4.5830376341 4.5830376341 4.5830376341 4.5830376341 4.5830376341 4.5830376341 4.5830376341 4.5830376341 4.5830376341 4.5830376341 4.5830376341 4.5830376341 4.5830376341 4.5830376341 4.5830376341 4.5830376341 4.5830376341 4.5830376341 4.5830376341 4.5830376341 4.5830376341 4.5830376341 4.5830376341 4.5830376341 4.5830376341 4.5830376341 4.5830376341 4.5830376341 4.5830376341 4.5830376341 4.5830376341 4.5830376341 4.5830376341 4.5830376341 4.5830376341 4.5830376341 4.5830376341 4.5830376341 4.5830376341 4.5830376341 4.5830376341 4.5830376341 4.5830376341 4.5830376341 4.5830376341 4.5830376341 4.5830376341 4.5830376341 4.5830376341 4.5830376341 4.5830376341 4.5830376341 4.5830376341 4.5830376341 4.5830376341 4.5830376341 4.5830376341 4.5830376341 4.5830376341 4.5830376341 4.5830376341 4.5830376341 4.5830376341 4.5830376341 4.5830376341 4.5830376341 4.5830376341 4.5559206368 4.5559206368 4.5559206368 4.5559206368 4.5559206368 4.5559206368 4.5559206368 4.5559206368 4.5559206368 4.5559206368 4.5559206368 4.5559206368 4.5559206368 4.5559206368 4.5559206368 4.5559206368 4.5559206368 4.5559206368 4.5559206368 4.5559206368 4.5559206368 4.5559206368 4.5559206368 4.5559206368 4.5559206368 4.5559206368 4.5559206368 4.5559206368 4.5559206368 4.5559206368 4.5559206368 4.5559206368 4.5559206368 4.5559206368 4.5559206368 4.5559206368 4.5559206368 4.5559206368 4.5559206368 4.5559206368 4.5559206368 4.5559206368 4.5559206368 4.5559206368 4.5559206368 4.5559206368 4.5559206368 4.5559206368 4.5559206368 4.5559206368 4.5559206368 4.5559206368 4.5559206368 4.5559206368 4.5559206368 4.5559206368 4.5559206368 4.5559206368 4.5559206368 4.5559206368 4.5559206368 4.5559206368 4.5559206368 4.5559206368 4.5152451409 4.5152451409 4.5152451409 4.5152451409 4.5152451409 4.5152451409 4.5152451409 4.5152451409 4.5152451409 4.5152451409 4.5152451409 4.5152451409 4.5152451409 4.5152451409 4.5152451409 4.5152451409 4.5152451409 4.5152451409 4.5152451409 4.5152451409 4.5152451409 4.5152451409 4.5152451409 4.5152451409 4.5152451409 4.5152451409 4.5152451409 4.5152451409 4.5152451409 4.5152451409 4.5152451409 4.5152451409 4.5152451409 4.5152451409 4.5152451409 4.5152451409 4.5152451409 4.5152451409 4.5152451409 4.5152451409 4.5152451409 4.5152451409 4.5152451409 4.5152451409 4.5152451409 4.5152451409 4.5152451409 4.5152451409 4.5152451409 4.5152451409 4.5152451409 4.5152451409 4.5152451409 4.5152451409 4.5152451409 4.5152451409 4.5152451409 4.5152451409 4.5152451409 4.5152451409 4.5152451409 4.5152451409 4.5152451409 4.5152451409 4.5152451409 4.5152451409 4.5152451409 4.5152451409 4.5152451409 4.5152451409 4.5152451409 4.5152451409 4.5152451409 4.5152451409 4.5152451409 4.5152451409 4.5152451409 4.5152451409 4.5152451409 4.5152451409 4.5152451409 4.5152451409 4.5152451409 4.5152451409 4.5152451409 4.5152451409 4.5152451409 4.5152451409 4.5152451409 4.5152451409 4.5152451409 4.5152451409 4.5152451409 4.5152451409 4.5152451409 4.5152451409 4.5152451409 4.5152451409 4.5152451409 4.5152451409 4.5152451409 4.5152451409 4.5152451409 4.5152451409 4.5152451409 4.5152451409 4.5152451409 4.5152451409 4.5152451409 4.5152451409 4.5152451409 4.5152451409 4.5152451409 4.5152451409 4.5152451409 4.5152451409 4.5152451409 4.5152451409 4.5152451409 4.5152451409 4.5152451409 4.5152451409 4.5152451409 4.5152451409 4.5152451409 4.5152451409 4.5152451409 4.5152451409 4.5152451409 4.5152451409 4.5152451409 4.5152451409 4.5152451409 4.5152451409 4.5152451409 4.5152451409 4.5152451409 4.5152451409 4.5152451409 4.5152451409 4.5152451409 4.5152451409 4.5152451409 4.5152451409 4.5152451409 4.5152451409 4.5152451409 4.5152451409 4.5152451409 4.5152451409 4.5152451409 4.5152451409 4.5152451409 4.5152451409 4.5152451409 4.5152451409 4.5152451409 4.5152451409 4.5152451409 4.4512590735 4.4512590735 4.4512590735 4.4512590735 4.4512590735 4.4512590735 4.4512590735 4.4512590735 4.4512590735 4.4512590735 4.4512590735 4.4512590735 4.4512590735 4.4512590735 4.4512590735 4.4512590735 4.4512590735 4.4512590735 4.4512590735 4.4512590735 4.4512590735 4.4512590735 4.4512590735 4.4512590735 4.4512590735 4.4512590735 4.4512590735 4.4512590735 4.4512590735 4.4512590735 4.4512590735 4.4512590735 4.4512590735 4.4512590735 4.4512590735 4.4512590735 4.4512590735 4.4512590735 4.4512590735 4.4512590735 4.4512590735 4.4512590735 4.4512590735 4.4512590735 4.4512590735 4.4512590735 4.4512590735 4.4512590735 4.4512590735 4.4512590735 4.4512590735 4.4512590735 4.4512590735 4.4512590735 4.4512590735 4.4512590735 4.4512590735 4.4512590735 4.4512590735 4.4512590735 4.4512590735 4.4512590735 4.4512590735 4.4512590735 4.4512590735 4.4512590735 4.4512590735 4.4512590735 4.4512590735 4.4512590735 4.4512590735 4.4512590735 4.4512590735 4.4512590735 4.4512590735 4.4512590735 4.4512590735 4.4512590735 4.4512590735 4.4512590735 4.4512590735 4.4512590735 4.4512590735 4.4512590735 4.4512590735 4.4512590735 4.4512590735 4.4512590735 4.4512590735 4.4512590735 4.4512590735 4.4512590735 4.4512590735 4.4512590735 4.4512590735 4.4512590735 4.4512590735 4.4512590735 4.4512590735 4.4512590735 4.4512590735 4.4512590735 4.4512590735 4.4512590735 4.4512590735 4.4512590735 4.4512590735 4.4512590735 4.4512590735 4.4512590735 4.4512590735 4.4512590735 4.4512590735 4.4512590735 4.4512590735 4.4512590735 4.4512590735 4.4512590735 4.4512590735 4.4512590735 4.4512590735 4.4512590735 4.4512590735 4.4512590735 4.4512590735 4.4512590735 4.4512590735 4.4512590735 4.4512590735 4.4512590735 4.4512590735 4.4512590735 4.4512590735 4.4512590735 4.4512590735 4.4512590735 4.4512590735 4.4512590735 4.4512590735 4.4512590735 4.4512590735 4.4512590735 4.4512590735 4.4512590735 4.4512590735 4.4512590735 4.4512590735 4.4512590735 4.4512590735 4.4512590735 4.4086016952 4.4086016952 4.4086016952 4.4086016952 4.4086016952 4.4086016952 4.4086016952 4.4086016952 4.4086016952 4.4086016952 4.4086016952 4.4086016952 4.4086016952 4.4086016952 4.4086016952 4.4086016952 4.4086016952 4.4086016952 4.4086016952 4.4086016952 4.4086016952 4.4086016952 4.4086016952 4.4086016952 4.4086016952 4.4086016952 4.4086016952 4.4086016952 4.4086016952 4.4086016952 4.4086016952 4.4086016952 4.4086016952 4.4086016952 4.4086016952 4.4086016952 4.4086016952 4.4086016952 4.4086016952 4.4086016952 4.4086016952 4.4086016952 4.4086016952 4.4086016952 4.4086016952 4.4086016952 4.4086016952 4.4086016952 4.4086016952 4.4086016952 4.4086016952 4.4086016952 4.4086016952 4.4086016952 4.4086016952 4.4086016952 4.4086016952 4.4086016952 4.4086016952 4.4086016952 4.4086016952 4.4086016952 4.4086016952 4.4086016952 4.4086016952 4.4086016952 4.4086016952 4.4086016952 4.4086016952 4.4086016952 4.4086016952 4.4086016952 4.4086016952 4.4086016952 4.4086016952 4.4086016952 4.4086016952 4.4086016952 4.4086016952 4.4086016952 4.4086016952 4.4086016952 4.4086016952 4.4086016952 4.4086016952 4.4086016952 4.4086016952 4.4086016952 4.4086016952 4.4086016952 4.4086016952 4.4086016952 4.4086016952 4.4086016952 4.4086016952 4.4086016952 4.4086016952 4.4086016952 4.4086016952 4.4086016952 4.4086016952 4.4086016952 4.4086016952 4.4086016952 4.4086016952 4.4086016952 4.4086016952 4.4086016952 4.4086016952 4.4086016952 4.4086016952 4.4086016952 4.4086016952 4.4086016952 4.4086016952 4.4086016952 4.4086016952 4.4086016952 4.4086016952 4.4086016952 4.2652284372 4.2652284372 4.2652284372 4.2652284372 4.2652284372 4.2652284372 4.2652284372 4.2652284372 4.2652284372 4.2652284372 4.2652284372 4.2652284372 4.2652284372 4.2652284372 4.2652284372 4.2652284372 4.2652284372 4.2652284372 4.2652284372 4.2652284372 4.2652284372 4.2652284372 4.2652284372 4.2652284372 4.2652284372 4.2652284372 4.2652284372 4.2652284372 4.2652284372 4.2652284372 4.2652284372 4.2652284372 4.2652284372 4.2652284372 4.2652284372 4.2652284372 4.2652284372 4.2652284372 4.2652284372 4.2652284372 4.2652284372 4.2652284372 4.2652284372 4.2652284372 4.2652284372 4.2652284372 4.2652284372 4.2652284372 4.2652284372 4.2652284372 4.2652284372 4.2652284372 4.2652284372 4.2652284372 4.2652284372 4.2652284372 4.2652284372 4.2652284372 4.2652284372 4.2652284372 4.2652284372 4.2652284372 4.2652284372 4.2652284372 4.2652284372 4.2652284372 4.2652284372 4.2652284372 4.2652284372 4.2652284372 4.2652284372 4.2652284372 4.2652284372 4.2652284372 4.2652284372 4.2652284372 4.2652284372 4.2652284372 4.2652284372 4.2652284372 4.2652284372 4.2652284372 4.2652284372 4.2652284372 4.2652284372 4.1696462651 4.1696462651 4.1696462651 4.1696462651 4.1696462651 4.1696462651 4.1696462651 4.1696462651 4.1696462651 4.1696462651 4.1696462651 4.1696462651 4.1696462651 4.1696462651 4.1696462651 4.1696462651 4.1696462651 4.1696462651 4.1696462651 4.1696462651 4.1696462651 4.1696462651 4.1696462651 4.1696462651 4.1696462651 4.1696462651 4.1696462651 4.1696462651 4.1696462651 4.1696462651 4.1696462651 4.1696462651 4.1696462651 4.1696462651 4.1696462651 4.1696462651 4.1696462651 4.1696462651 4.1696462651 4.1696462651 4.1696462651 4.1696462651 4.1696462651 4.1696462651 4.1696462651 4.1696462651 4.1696462651 4.1696462651 4.1696462651 4.1696462651 4.1696462651 4.1696462651 4.1696462651 4.1696462651 4.1696462651 4.1696462651 4.1696462651 4.1696462651 4.1696462651 4.1696462651 4.1696462651 4.1696462651 4.1696462651 4.1696462651 4.1696462651 4.1696462651 4.1696462651 4.1696462651 4.1696462651 4.1696462651 4.1696462651 4.1696462651 4.1696462651 4.1696462651 4.1696462651 4.1696462651 4.1696462651 4.1696462651 4.1696462651 4.1696462651 4.1696462651 4.1696462651 4.1696462651 4.1696462651 4.1696462651 4.1696462651 4.1696462651 4.1696462651 4.1696462651 4.1696462651 4.1696462651 4.1696462651 4.1696462651 4.1696462651 4.1696462651 4.1696462651 4.1696462651 4.1696462651 4.1696462651 4.1696462651 4.1696462651 4.1696462651 4.1696462651 4.1696462651 4.1696462651 4.1828160382 4.1828160382 4.1828160382 4.1828160382 4.1828160382 4.1828160382 4.1828160382 4.1828160382 4.1828160382 4.1828160382 4.1828160382 4.1828160382 4.1828160382 4.1828160382 4.1828160382 4.1828160382 4.1828160382 4.1828160382 4.1828160382 4.1828160382 4.1828160382 4.1828160382 4.1828160382 4.1828160382 4.1828160382 4.1828160382 4.1828160382 4.1828160382 4.1828160382 4.1828160382 4.1828160382 4.1828160382 4.1828160382 4.1828160382 4.1828160382 4.1828160382 4.1828160382 4.1828160382 4.1828160382 4.1828160382 4.1828160382 4.1828160382 4.1828160382 4.1828160382 4.1828160382 4.1828160382 4.1828160382 4.1828160382 4.1828160382 4.1828160382 4.1828160382 4.1828160382 4.1828160382 4.1828160382 4.1828160382 4.1828160382 4.1828160382 4.1828160382 4.1828160382 4.1828160382 4.1828160382 4.1828160382 4.1828160382 4.1828160382 4.1828160382 4.1828160382 4.1828160382 4.1828160382 4.1828160382 4.1828160382 4.1828160382 4.1828160382 4.1828160382 4.1828160382 4.1828160382 4.1828160382 4.1828160382 4.1828160382 4.1828160382 4.1828160382 4.1828160382 4.1828160382 4.1828160382 4.1828160382 4.1828160382 4.1828160382 4.1828160382 4.1828160382 4.1828160382 4.1828160382 4.1828160382 4.1828160382 4.1828160382 4.1828160382 4.1828160382 4.1828160382 4.1828160382 4.1828160382 4.1828160382 4.1828160382 4.1828160382 4.1828160382 4.1828160382 4.1828160382 4.1828160382 4.1828160382 4.1828160382 4.1828160382 4.1828160382 4.1828160382 4.1828160382 4.1828160382 4.1828160382 4.1828160382 4.1828160382 4.1828160382 4.1828160382 4.1828160382 4.1828160382 4.1828160382 4.1828160382 4.1828160382 4.1828160382 4.1828160382 4.1828160382 4.1828160382 4.1828160382 4.1828160382 4.1828160382 4.1828160382 4.1828160382 4.1828160382 4.1828160382 4.1828160382 4.1828160382 4.1828160382 4.1828160382 4.1828160382 4.1828160382 4.1828160382 4.1828160382 4.1828160382 4.2025706979 4.2025706979 4.2025706979 4.2025706979 4.2025706979 4.2025706979 4.2025706979 4.2025706979 4.2025706979 4.2025706979 4.2025706979 4.2025706979 4.2025706979 4.2025706979 4.2025706979 4.2025706979 4.2025706979 4.2025706979 4.2025706979 4.2025706979 4.2025706979 4.2025706979 4.2025706979 4.2025706979 4.2025706979 4.2025706979 4.2025706979 4.2025706979 4.2025706979 4.2025706979 4.2025706979 4.2025706979 4.2025706979 4.2025706979 4.2025706979 4.2025706979 4.2025706979 4.2025706979 4.2025706979 4.2025706979 4.2025706979 4.2025706979 4.2025706979 4.2025706979 4.2025706979 4.2025706979 4.2025706979 4.2025706979 4.2025706979 4.2025706979 4.2025706979 4.2025706979 4.2025706979 4.2025706979 4.2025706979 4.2025706979 4.2025706979 4.2025706979 4.2025706979 4.2025706979 4.2025706979 4.2025706979 4.2025706979 4.2025706979 4.2025706979 4.2025706979 4.2025706979 4.2025706979 4.2025706979 4.2025706979 4.2025706979 4.2025706979 4.2025706979 4.2025706979 4.2025706979 4.2025706979 4.2025706979 4.2025706979 4.2025706979 4.2025706979 4.2025706979 4.2025706979 4.2025706979 4.2025706979 4.2025706979 4.2025706979 4.2025706979 4.2025706979 4.2025706979 4.2025706979 4.2025706979 4.2025706979 4.2025706979 4.2025706979 4.2025706979 4.2025706979 4.2025706979 4.2025706979 4.2025706979 4.2025706979 4.2025706979 4.2025706979 4.2025706979 4.2025706979 4.2025706979 4.2025706979 4.2025706979 4.2025706979 4.2025706979 4.2025706979 4.2025706979 4.2025706979 4.2025706979 4.2025706979 4.2025706979 4.2025706979 4.2025706979 4.2025706979 4.2025706979 4.2025706979 4.2025706979 4.2025706979 4.2025706979 4.2025706979 4.2025706979 4.2025706979 4.2025706979 4.2025706979 4.2025706979 4.2025706979 4.2025706979 4.2025706979 4.2025706979 4.2025706979 4.2025706979 4.2025706979 4.2025706979 4.2025706979 4.2025706979 4.2025706979 4.2025706979 4.2025706979 4.2025706979 4.2025706979 4.2025706979 4.2025706979 4.2025706979 4.2025706979 4.2025706979 4.2025706979 4.2025706979 4.2025706979 4.2025706979 4.2025706979 4.2025706979 4.2025706979 4.2025706979 4.2025706979 4.2025706979 4.2025706979 4.2025706979 4.2025706979 4.2025706979 4.2025706979 4.2025706979 4.2025706979 4.2025706979 4.2025706979 4.2025706979 4.2025706979 4.2025706979 4.2025706979 4.2025706979 4.2025706979 4.2025706979 4.2025706979 4.2025706979 4.2025706979 4.2025706979 4.2025706979 4.2025706979 4.2025706979 4.2025706979 4.2025706979 4.2025706979 4.2025706979 4.2025706979 4.2025706979 4.2025706979 4.2025706979 4.2025706979 4.2025706979 4.2025706979 4.2025706979 4.2025706979 4.2025706979 4.2025706979 4.2025706979 4.2025706979 4.2025706979 4.2025706979 4.2025706979 4.2025706979 4.2025706979 4.2025706979 4.2025706979 4.2025706979 4.2025706979 4.2025706979 4.2025706979 4.2025706979 4.2025706979 4.2025706979 4.2025706979 4.2025706979 4.2025706979 4.2025706979 4.2025706979 4.2025706979 4.2025706979 4.2025706979 4.2025706979 4.2025706979 4.2025706979 4.2025706979 4.2025706979 4.2025706979 4.2025706979 4.2025706979 4.2025706979 4.2025706979 4.2025706979 4.2025706979 4.2025706979 4.2025706979 4.2025706979 4.2025706979 4.2025706979 4.2025706979 4.2025706979 4.2025706979 4.2025706979 4.2025706979 4.2025706979 4.2025706979 4.2025706979 4.2025706979 4.2612996704 4.2612996704 4.2612996704 4.2612996704 4.2612996704 4.2612996704 4.2612996704 4.2612996704 4.2612996704 4.2612996704 4.2612996704 4.2612996704 4.2612996704 4.2612996704 4.2612996704 4.2612996704 4.2612996704 4.2612996704 4.2612996704 4.2612996704 4.2612996704 4.2612996704 4.2612996704 4.2612996704 4.2612996704 4.2612996704 4.2612996704 4.2612996704 4.2612996704 4.2612996704 4.2612996704 4.2612996704 4.2612996704 4.2612996704 4.2612996704 4.2612996704 4.2612996704 4.2612996704 4.2612996704 4.2612996704 4.2612996704 4.2612996704 4.2612996704 4.2612996704 4.2612996704 4.2612996704 4.2612996704 4.2612996704 4.2612996704 4.2612996704 4.2612996704 4.2612996704 4.2612996704 4.2612996704 4.2612996704 4.2612996704 4.2612996704 4.2612996704 4.2612996704 4.2612996704 4.2612996704 4.2612996704 4.2612996704 4.2612996704 4.2612996704 4.2612996704 4.2612996704 4.2612996704 4.2612996704 4.2612996704 4.2612996704 4.2612996704 4.2612996704 4.2612996704 4.2612996704 4.2612996704 4.2612996704 4.2612996704 4.2612996704 4.2612996704 4.2612996704 4.2612996704 4.2612996704 4.2612996704 4.2612996704 4.2612996704 4.2612996704 4.2612996704 4.2612996704 4.2612996704 4.2612996704 4.2612996704 4.2612996704 4.2612996704 4.2612996704 4.2612996704 4.2612996704 4.2612996704 4.2612996704 4.2612996704 4.2612996704 4.2612996704 4.2612996704 4.2612996704 4.2612996704 4.2612996704 4.2612996704 4.2612996704 4.2612996704 4.2612996704 4.2612996704 4.2612996704 4.2612996704 4.2612996704 4.2612996704 4.2612996704 4.2612996704 4.2612996704 4.2612996704 4.2612996704 4.2612996704 4.2612996704 4.2612996704 4.2612996704 4.2612996704 4.2612996704 4.3200286429 4.3200286429 4.3200286429 4.3200286429 4.3200286429 4.3200286429 4.3200286429 4.3200286429 4.3200286429 4.3200286429 4.3200286429 4.3200286429 4.3200286429 4.3200286429 4.3200286429 4.3200286429 4.3200286429 4.3200286429 4.3200286429 4.3200286429 4.3200286429 4.3200286429 4.3200286429 4.3200286429 4.3200286429 4.3200286429 4.3200286429 4.3200286429 4.3200286429 4.3200286429 4.3200286429 4.3200286429 4.3200286429 4.3200286429 4.3200286429 4.3200286429 4.3200286429 4.3200286429 4.3200286429 4.3200286429 4.3200286429 4.3200286429 4.3200286429 4.3200286429 4.3200286429 4.3200286429 4.3200286429 4.3200286429 4.3200286429 4.3200286429 4.3200286429 4.3200286429 4.3200286429 4.3200286429 4.3200286429 4.3200286429 4.3200286429 4.3200286429 4.3200286429 4.3200286429 4.3200286429 4.3200286429 4.3200286429 4.3200286429 4.3200286429 4.3200286429 4.3200286429 4.3200286429 4.3200286429 4.3200286429 4.3200286429 4.3200286429 4.3200286429 4.3200286429 4.3200286429 4.3200286429 4.3200286429 4.3200286429 4.3200286429 4.3200286429 4.3200286429 4.3200286429 4.3200286429 4.3200286429 4.3200286429 4.3200286429 4.3200286429 4.3200286429 4.3200286429 4.3200286429 4.3200286429 4.3200286429 4.3200286429 4.3200286429 4.3200286429 4.3200286429 4.3200286429 4.3200286429 4.3200286429 4.3200286429 4.3200286429 4.3200286429 4.3200286429 4.3200286429 4.3200286429 4.3200286429 4.3200286429 4.3200286429 4.3200286429 4.3200286429 4.3200286429 4.3200286429 4.3200286429 4.3200286429 4.3200286429 4.3200286429 4.3200286429 4.3200286429 4.3098598854 4.3098598854 4.3098598854 4.3098598854 4.3098598854 4.3098598854 4.3098598854 4.3098598854 4.3098598854 4.3098598854 4.3098598854 4.3098598854 4.3098598854 4.3098598854 4.3098598854 4.3098598854 4.3098598854 4.3098598854 4.3098598854 4.3098598854 4.3098598854 4.3098598854 4.3098598854 4.3098598854 4.3098598854 4.3098598854 4.3098598854 4.3098598854 4.3098598854 4.3098598854 4.3098598854 4.3098598854 4.3098598854 4.3098598854 4.3098598854 4.3098598854 4.3098598854 4.3098598854 4.3098598854 4.3098598854 4.3098598854 4.3098598854 4.3098598854 4.3098598854 4.3098598854 4.3098598854 4.3098598854 4.3098598854 4.3098598854 4.3098598854 4.3098598854 4.3098598854 4.3098598854 4.3098598854 4.3098598854 4.3098598854 4.3098598854 4.3098598854 4.3098598854 4.3098598854 4.3098598854 4.3098598854 4.3098598854 4.3098598854 4.3098598854 4.3098598854 4.3098598854 4.3098598854 4.3098598854 4.3098598854 4.3098598854 4.3098598854 4.3098598854 4.3098598854 4.3098598854 4.3098598854 4.3098598854 4.3098598854 4.3098598854 4.3098598854 4.3098598854 4.3098598854 4.3098598854 4.3098598854 4.3098598854 4.3098598854 4.3098598854 4.3098598854 4.3098598854 4.3098598854 4.3098598854 4.3098598854 4.3098598854 4.3098598854 4.3098598854 4.3098598854 4.3098598854 4.3098598854 4.3098598854 4.3098598854 4.3098598854 4.3098598854 4.3098598854 4.3098598854 4.3098598854 4.3098598854 4.3098598854 4.3098598854 4.3098598854 4.3098598854 4.3098598854 4.3098598854 4.3098598854 4.3098598854 4.3098598854 4.3098598854 4.3098598854 4.1912601542 4.1912601542 4.1912601542 4.1912601542 4.1912601542 4.1912601542 4.1912601542 4.1912601542 4.1912601542 4.1912601542 4.1912601542 4.1912601542 4.1912601542 4.1912601542 4.1912601542 4.1912601542 4.1912601542 4.1912601542 4.1912601542 4.1912601542 4.1912601542 4.1912601542 4.1912601542 4.1912601542 4.1912601542 4.1912601542 4.1912601542 4.1912601542 4.1912601542 4.1912601542 4.1912601542 4.1912601542 4.1912601542 4.1912601542 4.1912601542 4.1912601542 4.1912601542 4.1912601542 4.1912601542 4.1912601542 4.1912601542 4.1912601542 4.1912601542 4.1912601542 4.1912601542 4.1912601542 4.1912601542 4.1912601542 4.1912601542 4.1912601542 4.1912601542 4.1912601542 4.1912601542 4.1912601542 4.1912601542 4.1912601542 4.1912601542 4.1912601542 4.1912601542 4.1912601542 4.1912601542 4.1912601542 4.1912601542 4.1912601542 4.1912601542 4.1912601542 4.1912601542 4.1912601542 4.1912601542 4.1912601542 4.1912601542 4.1912601542 4.1912601542 4.1912601542 4.1912601542 4.1912601542 4.1912601542 4.1912601542 4.1912601542 4.1912601542 4.1912601542 4.1912601542 4.1912601542 4.1912601542 4.1912601542 4.1912601542 4.1912601542 4.1912601542 4.1912601542 4.1912601542 4.1912601542 4.1912601542 4.1912601542 4.1912601542 4.1912601542 4.1912601542 4.1912601542 4.1912601542 4.1912601542 4.1912601542 4.1912601542 4.1912601542 4.1912601542 4.1912601542 4.1912601542 4.1912601542 4.1912601542 4.1912601542 4.1912601542 4.1912601542 4.1912601542 4.1912601542 4.1912601542 4.1912601542 4.1912601542 4.1912601542 4.1912601542 4.1912601542 4.1912601542 4.1912601542 4.1912601542 4.1912601542 4.1912601542 4.1912601542 4.1912601542 4.1912601542 4.1912601542 4.1912601542 4.1912601542 4.1912601542 4.1912601542 4.1912601542 4.1912601542 4.1912601542 4.1912601542 4.1912601542 4.1912601542 4.1912601542 4.1912601542 4.1912601542 4.1912601542 4.1912601542 4.1912601542 4.1912601542 4.1912601542 4.1912601542 4.1912601542 4.1912601542 4.1912601542 4.1912601542 4.1912601542 4.1912601542 4.1912601542 4.1912601542 4.1912601542 4.1912601542 4.1912601542 4.1912601542 4.1912601542 4.1912601542 4.1912601542 4.1912601542 4.1912601542 4.1912601542 4.1270498828 4.1270498828 4.1270498828 4.1270498828 4.1270498828 4.1270498828 4.1270498828 4.1270498828 4.1270498828 4.1270498828 4.1270498828 4.1270498828 4.1270498828 4.1270498828 4.1270498828 4.1270498828 4.1270498828 4.1270498828 4.1270498828 4.1270498828 4.1270498828 4.1270498828 4.1270498828 4.1270498828 4.1270498828 4.1270498828 4.1270498828 4.1270498828 4.1270498828 4.1270498828 4.1270498828 4.1270498828 4.1270498828 4.1270498828 4.1270498828 4.1270498828 4.1270498828 4.1270498828 4.1270498828 4.1270498828 4.1270498828 4.1270498828 4.1270498828 4.1270498828 4.1270498828 4.1270498828 4.1270498828 4.1270498828 4.1270498828 4.1270498828 4.1270498828 4.1270498828 4.1270498828 4.1270498828 4.1270498828 4.1270498828 4.1270498828 4.1270498828 4.1270498828 4.1270498828 4.1270498828 4.1270498828 4.1270498828 4.1270498828 4.1270498828 4.1270498828 4.1270498828 4.1270498828 4.1270498828 4.1270498828 4.1270498828 4.1270498828 4.1270498828 4.1270498828 4.1270498828 4.1270498828 4.1270498828 4.1270498828 4.1270498828 4.1270498828 4.1270498828 4.1270498828 4.1270498828 4.1270498828 4.1270498828 4.1270498828 4.0776958276 4.0776958276 4.0776958276 4.0776958276 4.0776958276 4.0776958276 4.0776958276 4.0776958276 4.0776958276 4.0776958276 4.0776958276 4.0776958276 4.0776958276 4.0776958276 4.0776958276 4.0776958276 4.0776958276 4.0776958276 4.0776958276 4.0776958276 4.0776958276 4.0776958276 4.0776958276 4.0776958276 4.0776958276 4.0776958276 4.0776958276 4.0776958276 4.0776958276 4.0776958276 4.0776958276 4.0776958276 4.0776958276 4.0776958276 4.0776958276 4.0776958276 4.0776958276 4.0776958276 4.0776958276 4.0776958276 4.0776958276 4.0776958276 4.0776958276 4.0776958276 4.0776958276 4.0776958276 4.0776958276 4.0776958276 4.0776958276 4.0776958276 4.0776958276 4.0776958276 4.0776958276 4.0776958276 4.0776958276 4.0776958276 4.0776958276 4.0776958276 4.0776958276 4.0776958276 4.0776958276 4.0776958276 4.0776958276 4.0776958276 4.0776958276 4.0776958276 4.0776958276 4.0776958276 4.0776958276 4.0776958276 4.0776958276 4.0776958276 4.0776958276 4.0776958276 4.0776958276 4.0776958276 4.0776958276 4.0776958276 4.0776958276 4.0776958276 4.0776958276 4.0776958276 4.0776958276 4.0776958276 4.0776958276 4.0776958276 4.0776958276 4.0776958276 4.0776958276 4.0776958276 4.0776958276 4.0776958276 4.0776958276 4.0776958276 4.0776958276 4.0776958276 4.0776958276 4.0776958276 4.0283417724 4.0283417724 4.0283417724 4.0283417724 4.0283417724 4.0283417724 4.0283417724 4.0283417724 4.0283417724 4.0283417724 4.0283417724 4.0283417724 4.0283417724 4.0283417724 4.0283417724 4.0283417724 4.0283417724 4.0283417724 4.0283417724 4.0283417724 4.0283417724 4.0283417724 4.0283417724 4.0283417724 4.0283417724 4.0283417724 4.0283417724 4.0283417724 4.0283417724 4.0283417724 4.0283417724 4.0283417724 4.0283417724 4.0283417724 4.0283417724 4.0283417724 4.0283417724 4.0283417724 4.0283417724 4.0283417724 4.0283417724 4.0283417724 3.9968832157 3.9968832157 3.9968832157 3.9968832157 3.9968832157 3.9968832157 3.9968832157 3.9968832157 3.9968832157 3.9968832157 3.9968832157 3.9968832157 3.9968832157 3.9968832157 3.9968832157 3.9968832157 3.9968832157 3.9968832157 3.9968832157 3.9968832157 3.9654246589 3.9654246589 3.9654246589 3.9654246589 3.9654246589 3.9654246589 mm
uv:Tf/Scatterer1/L10/Values  =  2151 0.0078089244 0.0078089244 0.0078089244 0.0078089244 0.0078089244 0.0078089244 0.0078089244 0.0078089244 0.0078089244 0.0078089244 0.0078089244 0.0078089244 0.0078089244 0.0078089244 0.0078089244 0.0078089244 0.0078089244 0.0078089244 0.0078089244 0.0078089244 0.0078089244 0.0078089244 0.0078089244 0.0078089244 0.0078089244 0.0078089244 0.0078089244 0.0078089244 0.0078089244 0.0078089244 0.0078089244 0.0078089244 0.0078089244 0.0078089244 0.0078089244 0.0078089244 0.0078089244 0.0078089244 0.0078089244 0.0078089244 0.0078089244 0.0078089244 0.0078089244 0.0078089244 0.0078089244 0.0078089244 0.0078089244 0.0078089244 0.0078089244 0.0078089244 0.0078089244 0.0078089244 0.0078089244 0.0078089244 0.0078089244 0.0078089244 0.0078089244 0.0078089244 0.0078089244 0.0078089244 0.0078089244 0.0078089244 0.0078089244 0.0078089244 0.0078089244 0.0078089244 0.0078089244 0.0078089244 0.0078089244 0.0078089244 0.0078089244 0.0078089244 0.0078089244 0.0078089244 0.0078089244 0.0078089244 0.0078089244 0.0078089244 0.0078089244 0.0078089244 0.0078089244 0.0078089244 0.0078089244 0.0078089244 0.0078089244 0.0078089244 0.0078089244 0.0078089244 0.0078089244 0.0078089244 0.0078089244 0.0078089244 0.0078089244 0.0078089244 0.0078089244 0.0078089244 0.0078089244 0.0078089244 0.0078089244 0.0078089244 0.0078089244 0.0078089244 0.0078089244 0.0078089244 0.0078089244 0.0078089244 0.0078089244 0.0078089244 0.0078089244 0.0078089244 0.0078089244 0.0078089244 0.0078089244 0.0078089244 0.0078089244 0.0078089244 0.0078089244 0.0078089244 0.0078089244 0.0078089244 0.0078089244 0.0078089244 0.0078089244 0.0078089244 0.0078089244 0.0078089244 0.0078089244 0.0078089244 0.0078089244 0.0078089244 0.0078089244 0.0078089244 0.0078089244 0.0078089244 0.0078089244 0.0078089244 0.0078089244 0.0078089244 0.0078089244 0.0078089244 0.0078089244 0.0078089244 0.0078089244 0.0078089244 0.0078089244 0.0078089244 0.0078089244 0.0078089244 0.0078089244 0.0078089244 0.0078089244 0.0078089244 0.0078089244 0.0078089244 0.0078089244 0.0078089244 0.0079395592 0.0079395592 0.0079395592 0.0079395592 0.0079395592 0.0079395592 0.0079395592 0.0079395592 0.0079395592 0.0079395592 0.0079395592 0.0079395592 0.0079395592 0.0079395592 0.0079395592 0.0079395592 0.0079395592 0.0079395592 0.0079395592 0.0079395592 0.0079395592 0.0079395592 0.0079395592 0.0079395592 0.0079395592 0.0079395592 0.0079395592 0.0079395592 0.0079395592 0.0079395592 0.0079395592 0.0079395592 0.0079395592 0.0079395592 0.0079395592 0.0079395592 0.0079395592 0.0079395592 0.0079395592 0.0079395592 0.0079395592 0.0079395592 0.0078089244 0.0078089244 0.0078089244 0.0078089244 0.0078089244 0.0078089244 0.0078089244 0.0078089244 0.0078089244 0.0078089244 0.0078089244 0.0078089244 0.0078089244 0.0078089244 0.0078089244 0.0078089244 0.0078089244 0.0078089244 0.0078089244 0.0078089244 0.0078089244 0.0078089244 0.0078089244 0.0078089244 0.0078089244 0.0078089244 0.0078089244 0.0078089244 0.0078089244 0.0078089244 0.0078089244 0.0078089244 0.0078089244 0.0078089244 0.0078089244 0.0078089244 0.0078089244 0.0078089244 0.0078089244 0.0078089244 0.0078089244 0.0078089244 0.0078089244 0.0078089244 0.0078089244 0.0078089244 0.0078089244 0.0078089244 0.0078089244 0.0078089244 0.0078089244 0.0078089244 0.0078089244 0.0078089244 0.0078089244 0.0078089244 0.0078089244 0.0078089244 0.0078089244 0.0078089244 0.0078089244 0.0078089244 0.0078089244 0.0078089244 0.0078089244 0.0078089244 0.0078089244 0.0078089244 0.0078089244 0.0078089244 0.0078089244 0.0078089244 0.0078089244 0.0078089244 0.0078089244 0.0078089244 0.0078089244 0.0078089244 0.0078089244 0.0078089244 0.0078089244 0.0078089244 0.0078089244 0.0078089244 0.0078089244 0.0078089244 0.0078089244 0.0078089244 0.0078089244 0.0078089244 0.0078089244 0.0078089244 0.0078089244 0.0078089244 0.0078089244 0.0078089244 0.0078089244 0.0078089244 0.0078089244 0.0078089244 0.0078089244 0.0078089244 0.0078089244 0.0078089244 0.0075948401 0.0075948401 0.0075948401 0.0075948401 0.0075948401 0.0075948401 0.0075948401 0.0075948401 0.0075948401 0.0075948401 0.0075948401 0.0075948401 0.0075948401 0.0075948401 0.0075948401 0.0075948401 0.0075948401 0.0075948401 0.0075948401 0.0075948401 0.0075948401 0.0075948401 0.0075948401 0.0075948401 0.0075948401 0.0075948401 0.0075948401 0.0075948401 0.0075948401 0.0075948401 0.0075948401 0.0075948401 0.0075948401 0.0075948401 0.0075948401 0.0075948401 0.0075948401 0.0075948401 0.0075948401 0.0075948401 0.0075948401 0.0075948401 0.0075948401 0.0075948401 0.0075948401 0.0075948401 0.0075948401 0.0075948401 0.0075948401 0.0075948401 0.0075948401 0.0075948401 0.0075948401 0.0075948401 0.0075948401 0.0075948401 0.0075948401 0.0075948401 0.0075948401 0.0075948401 0.0075948401 0.0075948401 0.0075948401 0.0075948401 0.0072737137 0.0072737137 0.0072737137 0.0072737137 0.0072737137 0.0072737137 0.0072737137 0.0072737137 0.0072737137 0.0072737137 0.0072737137 0.0072737137 0.0072737137 0.0072737137 0.0072737137 0.0072737137 0.0072737137 0.0072737137 0.0072737137 0.0072737137 0.0072737137 0.0072737137 0.0072737137 0.0072737137 0.0072737137 0.0072737137 0.0072737137 0.0072737137 0.0072737137 0.0072737137 0.0072737137 0.0072737137 0.0072737137 0.0072737137 0.0072737137 0.0072737137 0.0072737137 0.0072737137 0.0072737137 0.0072737137 0.0072737137 0.0072737137 0.0072737137 0.0072737137 0.0072737137 0.0072737137 0.0072737137 0.0072737137 0.0072737137 0.0072737137 0.0072737137 0.0072737137 0.0072737137 0.0072737137 0.0072737137 0.0072737137 0.0072737137 0.0072737137 0.0072737137 0.0072737137 0.0072737137 0.0072737137 0.0072737137 0.0072737137 0.0072737137 0.0072737137 0.0072737137 0.0072737137 0.0072737137 0.0072737137 0.0072737137 0.0072737137 0.0072737137 0.0072737137 0.0072737137 0.0072737137 0.0072737137 0.0072737137 0.0072737137 0.0072737137 0.0072737137 0.0072737137 0.0072737137 0.0072737137 0.0072737137 0.0072737137 0.0072737137 0.0072737137 0.0072737137 0.0072737137 0.0072737137 0.0072737137 0.0072737137 0.0072737137 0.0072737137 0.0072737137 0.0072737137 0.0072737137 0.0072737137 0.0072737137 0.0072737137 0.0072737137 0.0072737137 0.0072737137 0.0072737137 0.0072737137 0.0072737137 0.0072737137 0.0072737137 0.0072737137 0.0072737137 0.0072737137 0.0072737137 0.0072737137 0.0072737137 0.0072737137 0.0072737137 0.0072737137 0.0072737137 0.0072737137 0.0072737137 0.0072737137 0.0072737137 0.0072737137 0.0072737137 0.0072737137 0.0072737137 0.0072737137 0.0072737137 0.0072737137 0.0072737137 0.0072737137 0.0072737137 0.0072737137 0.0072737137 0.0072737137 0.0072737137 0.0072737137 0.0072737137 0.0072737137 0.0072737137 0.0072737137 0.0072737137 0.0072737137 0.0072737137 0.0072737137 0.0072737137 0.0072737137 0.0072737137 0.0072737137 0.0072737137 0.0072737137 0.0072737137 0.0072737137 0.0072737137 0.0072737137 0.0072737137 0.0072737137 0.0072737137 0.0069813474 0.0069813474 0.0069813474 0.0069813474 0.0069813474 0.0069813474 0.0069813474 0.0069813474 0.0069813474 0.0069813474 0.0069813474 0.0069813474 0.0069813474 0.0069813474 0.0069813474 0.0069813474 0.0069813474 0.0069813474 0.0069813474 0.0069813474 0.0069813474 0.0069813474 0.0069813474 0.0069813474 0.0069813474 0.0069813474 0.0069813474 0.0069813474 0.0069813474 0.0069813474 0.0069813474 0.0069813474 0.0069813474 0.0069813474 0.0069813474 0.0069813474 0.0069813474 0.0069813474 0.0069813474 0.0069813474 0.0069813474 0.0069813474 0.0069813474 0.0069813474 0.0069813474 0.0069813474 0.0069813474 0.0069813474 0.0069813474 0.0069813474 0.0069813474 0.0069813474 0.0069813474 0.0069813474 0.0069813474 0.0069813474 0.0069813474 0.0069813474 0.0069813474 0.0069813474 0.0069813474 0.0069813474 0.0069813474 0.0069813474 0.0069813474 0.0069813474 0.0069813474 0.0069813474 0.0069813474 0.0069813474 0.0069813474 0.0069813474 0.0069813474 0.0069813474 0.0069813474 0.0069813474 0.0069813474 0.0069813474 0.0069813474 0.0069813474 0.0069813474 0.0069813474 0.0069813474 0.0069813474 0.0069813474 0.0069813474 0.0069813474 0.0069813474 0.0069813474 0.0069813474 0.0069813474 0.0069813474 0.0069813474 0.0069813474 0.0069813474 0.0069813474 0.0069813474 0.0069813474 0.0069813474 0.0069813474 0.0069813474 0.0069813474 0.0069813474 0.0069813474 0.0069813474 0.0069813474 0.0069813474 0.0069813474 0.0069813474 0.0069813474 0.0069813474 0.0069813474 0.0069813474 0.0069813474 0.0069813474 0.0069813474 0.0069813474 0.0069813474 0.0069813474 0.0069813474 0.0069813474 0.0069813474 0.0069813474 0.0069813474 0.0069813474 0.0069813474 0.0069813474 0.0069813474 0.0069813474 0.0069813474 0.0069813474 0.0069813474 0.0069813474 0.0069813474 0.0069813474 0.0069813474 0.0069813474 0.0069813474 0.0069813474 0.0069813474 0.0069813474 0.0069813474 0.0069813474 0.0069813474 0.0069813474 0.0069813474 0.0069813474 0.0069813474 0.0069813474 0.0069813474 0.0067864366 0.0067864366 0.0067864366 0.0067864366 0.0067864366 0.0067864366 0.0067864366 0.0067864366 0.0067864366 0.0067864366 0.0067864366 0.0067864366 0.0067864366 0.0067864366 0.0067864366 0.0067864366 0.0067864366 0.0067864366 0.0067864366 0.0067864366 0.0067864366 0.0067864366 0.0067864366 0.0067864366 0.0067864366 0.0067864366 0.0067864366 0.0067864366 0.0067864366 0.0067864366 0.0067864366 0.0067864366 0.0067864366 0.0067864366 0.0067864366 0.0067864366 0.0067864366 0.0067864366 0.0067864366 0.0067864366 0.0067864366 0.0067864366 0.0067864366 0.0067864366 0.0067864366 0.0067864366 0.0067864366 0.0067864366 0.0067864366 0.0067864366 0.0067864366 0.0067864366 0.0067864366 0.0067864366 0.0067864366 0.0067864366 0.0067864366 0.0067864366 0.0067864366 0.0067864366 0.0067864366 0.0067864366 0.0067864366 0.0067864366 0.0067864366 0.0067864366 0.0067864366 0.0067864366 0.0067864366 0.0067864366 0.0067864366 0.0067864366 0.0067864366 0.0067864366 0.0067864366 0.0067864366 0.0067864366 0.0067864366 0.0067864366 0.0067864366 0.0067864366 0.0067864366 0.0067864366 0.0067864366 0.0067864366 0.0067864366 0.0067864366 0.0067864366 0.0067864366 0.0067864366 0.0067864366 0.0067864366 0.0067864366 0.0067864366 0.0067864366 0.0067864366 0.0067864366 0.0067864366 0.0067864366 0.0067864366 0.0067864366 0.0067864366 0.0067864366 0.0067864366 0.0067864366 0.0067864366 0.0067864366 0.0067864366 0.0067864366 0.0067864366 0.0067864366 0.0067864366 0.0067864366 0.0067864366 0.0067864366 0.0067864366 0.0067864366 0.0067864366 0.0067864366 0.0067864366 0.0066922897 0.0066922897 0.0066922897 0.0066922897 0.0066922897 0.0066922897 0.0066922897 0.0066922897 0.0066922897 0.0066922897 0.0066922897 0.0066922897 0.0066922897 0.0066922897 0.0066922897 0.0066922897 0.0066922897 0.0066922897 0.0066922897 0.0066922897 0.0066922897 0.0066922897 0.0066922897 0.0066922897 0.0066922897 0.0066922897 0.0066922897 0.0066922897 0.0066922897 0.0066922897 0.0066922897 0.0066922897 0.0066922897 0.0066922897 0.0066922897 0.0066922897 0.0066922897 0.0066922897 0.0066922897 0.0066922897 0.0066922897 0.0066922897 0.0066922897 0.0066922897 0.0066922897 0.0066922897 0.0066922897 0.0066922897 0.0066922897 0.0066922897 0.0066922897 0.0066922897 0.0066922897 0.0066922897 0.0066922897 0.0066922897 0.0066922897 0.0066922897 0.0066922897 0.0066922897 0.0066922897 0.0066922897 0.0066922897 0.0066922897 0.0066922897 0.0066922897 0.0066922897 0.0066922897 0.0066922897 0.0066922897 0.0066922897 0.0066922897 0.0066922897 0.0066922897 0.0066922897 0.0066922897 0.0066922897 0.0066922897 0.0066922897 0.0066922897 0.0066922897 0.0066922897 0.0066922897 0.0066922897 0.0066922897 0.0066295252 0.0066295252 0.0066295252 0.0066295252 0.0066295252 0.0066295252 0.0066295252 0.0066295252 0.0066295252 0.0066295252 0.0066295252 0.0066295252 0.0066295252 0.0066295252 0.0066295252 0.0066295252 0.0066295252 0.0066295252 0.0066295252 0.0066295252 0.0066295252 0.0066295252 0.0066295252 0.0066295252 0.0066295252 0.0066295252 0.0066295252 0.0066295252 0.0066295252 0.0066295252 0.0066295252 0.0066295252 0.0066295252 0.0066295252 0.0066295252 0.0066295252 0.0066295252 0.0066295252 0.0066295252 0.0066295252 0.0066295252 0.0066295252 0.0066295252 0.0066295252 0.0066295252 0.0066295252 0.0066295252 0.0066295252 0.0066295252 0.0066295252 0.0066295252 0.0066295252 0.0066295252 0.0066295252 0.0066295252 0.0066295252 0.0066295252 0.0066295252 0.0066295252 0.0066295252 0.0066295252 0.0066295252 0.0066295252 0.0066295252 0.0066295252 0.0066295252 0.0066295252 0.0066295252 0.0066295252 0.0066295252 0.0066295252 0.0066295252 0.0066295252 0.0066295252 0.0066295252 0.0066295252 0.0066295252 0.0066295252 0.0066295252 0.0066295252 0.0066295252 0.0066295252 0.0066295252 0.0066295252 0.0066295252 0.0066295252 0.0066295252 0.0066295252 0.0066295252 0.0066295252 0.0066295252 0.0066295252 0.0066295252 0.0066295252 0.0066295252 0.0066295252 0.0066295252 0.0066295252 0.0066295252 0.0066295252 0.0066295252 0.0066295252 0.0066295252 0.0066295252 0.0066295252 0.0064411261 0.0064411261 0.0064411261 0.0064411261 0.0064411261 0.0064411261 0.0064411261 0.0064411261 0.0064411261 0.0064411261 0.0064411261 0.0064411261 0.0064411261 0.0064411261 0.0064411261 0.0064411261 0.0064411261 0.0064411261 0.0064411261 0.0064411261 0.0064411261 0.0064411261 0.0064411261 0.0064411261 0.0064411261 0.0064411261 0.0064411261 0.0064411261 0.0064411261 0.0064411261 0.0064411261 0.0064411261 0.0064411261 0.0064411261 0.0064411261 0.0064411261 0.0064411261 0.0064411261 0.0064411261 0.0064411261 0.0064411261 0.0064411261 0.0064411261 0.0064411261 0.0064411261 0.0064411261 0.0064411261 0.0064411261 0.0064411261 0.0064411261 0.0064411261 0.0064411261 0.0064411261 0.0064411261 0.0064411261 0.0064411261 0.0064411261 0.0064411261 0.0064411261 0.0064411261 0.0064411261 0.0064411261 0.0064411261 0.0064411261 0.0064411261 0.0064411261 0.0064411261 0.0064411261 0.0064411261 0.0064411261 0.0064411261 0.0064411261 0.0064411261 0.0064411261 0.0064411261 0.0064411261 0.0064411261 0.0064411261 0.0064411261 0.0064411261 0.0064411261 0.0064411261 0.0064411261 0.0064411261 0.0064411261 0.0064411261 0.0064411261 0.0064411261 0.0064411261 0.0064411261 0.0064411261 0.0064411261 0.0064411261 0.0064411261 0.0064411261 0.0064411261 0.0064411261 0.0064411261 0.0064411261 0.0064411261 0.0064411261 0.0064411261 0.0064411261 0.0064411261 0.0064411261 0.0064411261 0.0064411261 0.0064411261 0.0064411261 0.0064411261 0.0064411261 0.0064411261 0.0064411261 0.0064411261 0.0064411261 0.0064411261 0.0064411261 0.0064411261 0.0064411261 0.0064411261 0.0064411261 0.0064411261 0.0064411261 0.0064411261 0.0064411261 0.0064411261 0.0064411261 0.0064411261 0.0064411261 0.0064411261 0.0064411261 0.0064411261 0.0064411261 0.0064411261 0.0064411261 0.0064411261 0.0064411261 0.0064411261 0.0064411261 0.0064411261 0.0064411261 0.0064411261 0.0061585274 0.0061585274 0.0061585274 0.0061585274 0.0061585274 0.0061585274 0.0061585274 0.0061585274 0.0061585274 0.0061585274 0.0061585274 0.0061585274 0.0061585274 0.0061585274 0.0061585274 0.0061585274 0.0061585274 0.0061585274 0.0061585274 0.0061585274 0.0061585274 0.0061585274 0.0061585274 0.0061585274 0.0061585274 0.0061585274 0.0061585274 0.0061585274 0.0061585274 0.0061585274 0.0061585274 0.0061585274 0.0061585274 0.0061585274 0.0061585274 0.0061585274 0.0061585274 0.0061585274 0.0061585274 0.0061585274 0.0061585274 0.0061585274 0.0061585274 0.0061585274 0.0061585274 0.0061585274 0.0061585274 0.0061585274 0.0061585274 0.0061585274 0.0061585274 0.0061585274 0.0061585274 0.0061585274 0.0061585274 0.0061585274 0.0061585274 0.0061585274 0.0061585274 0.0061585274 0.0061585274 0.0061585274 0.0061585274 0.0061585274 0.0061585274 0.0061585274 0.0061585274 0.0061585274 0.0061585274 0.0061585274 0.0061585274 0.0061585274 0.0061585274 0.0061585274 0.0061585274 0.0061585274 0.0061585274 0.0061585274 0.0061585274 0.0061585274 0.0061585274 0.0061585274 0.0061585274 0.0061585274 0.0061585274 0.0061585274 0.0061585274 0.0061585274 0.0061585274 0.0061585274 0.0061585274 0.0061585274 0.0061585274 0.0061585274 0.0061585274 0.0061585274 0.0061585274 0.0061585274 0.0061585274 0.0061585274 0.0061585274 0.0061585274 0.0061585274 0.0061585274 0.0061585274 0.0061585274 0.0061585274 0.0061585274 0.0061585274 0.0061585274 0.0061585274 0.0061585274 0.0061585274 0.0061585274 0.0061585274 0.0061585274 0.0061585274 0.0061585274 0.0061585274 0.0061585274 0.0061585274 0.0061585274 0.0061585274 0.0061585274 0.0061585274 0.0061585274 0.0061585274 0.0061585274 0.0061585274 0.0061585274 0.0061585274 0.0061585274 0.0061585274 0.0061585274 0.0061585274 0.0061585274 0.0061585274 0.0061585274 0.0061585274 0.0061585274 0.0061585274 0.0061585274 0.0061585274 0.0061585274 0.0061585274 0.0061585274 0.0061585274 0.0061585274 0.0061585274 0.0061585274 0.0061585274 0.0061585274 0.0061585274 0.0061585274 0.0061585274 0.0061585274 0.0061585274 0.0061585274 0.0061585274 0.0061585274 0.0061585274 0.0061585274 0.0061585274 0.0061585274 0.0061585274 0.0061585274 0.0061585274 0.0061585274 0.0061585274 0.0061585274 0.0061585274 0.0061585274 0.0061585274 0.0061585274 0.0061585274 0.0061585274 0.0061585274 0.0061585274 0.0061585274 0.0061585274 0.0061585274 0.0061585274 0.0061585274 0.0061585274 0.0061585274 0.0061585274 0.0061585274 0.0061585274 0.0061585274 0.0061585274 0.0061585274 0.0061585274 0.0061585274 0.0061585274 0.0061585274 0.0061585274 0.0061585274 0.0061585274 0.0061585274 0.0061585274 0.0061585274 0.0061585274 0.0061585274 0.0061585274 0.0061585274 0.0061585274 0.0061585274 0.0061585274 0.0061585274 0.0061585274 0.0061585274 0.0061585274 0.0061585274 0.0061585274 0.0061585274 0.0061585274 0.0061585274 0.0061585274 0.0061585274 0.0061585274 0.0061585274 0.0061585274 0.0061585274 0.0061585274 0.0061585274 0.0061585274 0.0061585274 0.0061585274 0.0061585274 0.0061585274 0.0061585274 0.0061585274 0.0061585274 0.0061585274 0.0061585274 0.0061585274 0.0061585274 0.0061585274 0.0061585274 0.0061585274 0.0061585274 0.0061585274 0.0061585274 0.0061585274 0.0061585274 0.0061585274 0.0061585274 0.0060040953 0.0060040953 0.0060040953 0.0060040953 0.0060040953 0.0060040953 0.0060040953 0.0060040953 0.0060040953 0.0060040953 0.0060040953 0.0060040953 0.0060040953 0.0060040953 0.0060040953 0.0060040953 0.0060040953 0.0060040953 0.0060040953 0.0060040953 0.0060040953 0.0060040953 0.0060040953 0.0060040953 0.0060040953 0.0060040953 0.0060040953 0.0060040953 0.0060040953 0.0060040953 0.0060040953 0.0060040953 0.0060040953 0.0060040953 0.0060040953 0.0060040953 0.0060040953 0.0060040953 0.0060040953 0.0060040953 0.0060040953 0.0060040953 0.0060040953 0.0060040953 0.0060040953 0.0060040953 0.0060040953 0.0060040953 0.0060040953 0.0060040953 0.0060040953 0.0060040953 0.0060040953 0.0060040953 0.0060040953 0.0060040953 0.0060040953 0.0060040953 0.0060040953 0.0060040953 0.0060040953 0.0060040953 0.0060040953 0.0060040953 0.0060040953 0.0060040953 0.0060040953 0.0060040953 0.0060040953 0.0060040953 0.0060040953 0.0060040953 0.0060040953 0.0060040953 0.0060040953 0.0060040953 0.0060040953 0.0060040953 0.0060040953 0.0060040953 0.0060040953 0.0060040953 0.0060040953 0.0060040953 0.0060040953 0.0060040953 0.0060040953 0.0060040953 0.0060040953 0.0060040953 0.0060040953 0.0060040953 0.0060040953 0.0060040953 0.0060040953 0.0060040953 0.0060040953 0.0060040953 0.0060040953 0.0060040953 0.0060040953 0.0060040953 0.0060040953 0.0060040953 0.0060040953 0.0060040953 0.0060040953 0.0060040953 0.0060040953 0.0060040953 0.0060040953 0.0060040953 0.0060040953 0.0060040953 0.0060040953 0.0060040953 0.0060040953 0.0060040953 0.0060040953 0.0060040953 0.0060040953 0.0060040953 0.0060040953 0.0060040953 0.0060040953 0.0060040953 0.0058496631 0.0058496631 0.0058496631 0.0058496631 0.0058496631 0.0058496631 0.0058496631 0.0058496631 0.0058496631 0.0058496631 0.0058496631 0.0058496631 0.0058496631 0.0058496631 0.0058496631 0.0058496631 0.0058496631 0.0058496631 0.0058496631 0.0058496631 0.0058496631 0.0058496631 0.0058496631 0.0058496631 0.0058496631 0.0058496631 0.0058496631 0.0058496631 0.0058496631 0.0058496631 0.0058496631 0.0058496631 0.0058496631 0.0058496631 0.0058496631 0.0058496631 0.0058496631 0.0058496631 0.0058496631 0.0058496631 0.0058496631 0.0058496631 0.0058496631 0.0058496631 0.0058496631 0.0058496631 0.0058496631 0.0058496631 0.0058496631 0.0058496631 0.0058496631 0.0058496631 0.0058496631 0.0058496631 0.0058496631 0.0058496631 0.0058496631 0.0058496631 0.0058496631 0.0058496631 0.0058496631 0.0058496631 0.0058496631 0.0058496631 0.0058496631 0.0058496631 0.0058496631 0.0058496631 0.0058496631 0.0058496631 0.0058496631 0.0058496631 0.0058496631 0.0058496631 0.0058496631 0.0058496631 0.0058496631 0.0058496631 0.0058496631 0.0058496631 0.0058496631 0.0058496631 0.0058496631 0.0058496631 0.0058496631 0.0058496631 0.0058496631 0.0058496631 0.0058496631 0.0058496631 0.0058496631 0.0058496631 0.0058496631 0.0058496631 0.0058496631 0.0058496631 0.0058496631 0.0058496631 0.0058496631 0.0058496631 0.0058496631 0.0058496631 0.0058496631 0.0058496631 0.0058496631 0.0058496631 0.0058496631 0.0058496631 0.0058496631 0.0058496631 0.0058496631 0.0058496631 0.0058496631 0.0058496631 0.0058496631 0.0058496631 0.0058496631 0.0058496631 0.0057205406 0.0057205406 0.0057205406 0.0057205406 0.0057205406 0.0057205406 0.0057205406 0.0057205406 0.0057205406 0.0057205406 0.0057205406 0.0057205406 0.0057205406 0.0057205406 0.0057205406 0.0057205406 0.0057205406 0.0057205406 0.0057205406 0.0057205406 0.0057205406 0.0057205406 0.0057205406 0.0057205406 0.0057205406 0.0057205406 0.0057205406 0.0057205406 0.0057205406 0.0057205406 0.0057205406 0.0057205406 0.0057205406 0.0057205406 0.0057205406 0.0057205406 0.0057205406 0.0057205406 0.0057205406 0.0057205406 0.0057205406 0.0057205406 0.0057205406 0.0057205406 0.0057205406 0.0057205406 0.0057205406 0.0057205406 0.0057205406 0.0057205406 0.0057205406 0.0057205406 0.0057205406 0.0057205406 0.0057205406 0.0057205406 0.0057205406 0.0057205406 0.0057205406 0.0057205406 0.0057205406 0.0057205406 0.0057205406 0.0057205406 0.0057205406 0.0057205406 0.0057205406 0.0057205406 0.0057205406 0.0057205406 0.0057205406 0.0057205406 0.0057205406 0.0057205406 0.0057205406 0.0057205406 0.0057205406 0.0057205406 0.0057205406 0.0057205406 0.0057205406 0.0057205406 0.0057205406 0.0057205406 0.0057205406 0.0057205406 0.0057205406 0.0057205406 0.0057205406 0.0057205406 0.0057205406 0.0057205406 0.0057205406 0.0057205406 0.0057205406 0.0057205406 0.0057205406 0.0057205406 0.0057205406 0.0057205406 0.0057205406 0.0057205406 0.0057205406 0.0057205406 0.0057205406 0.0057205406 0.0057205406 0.0057205406 0.0057205406 0.0057205406 0.0057205406 0.0057205406 0.0057205406 0.0057205406 0.0057205406 0.0057205406 0.0057205406 0.0055648213 0.0055648213 0.0055648213 0.0055648213 0.0055648213 0.0055648213 0.0055648213 0.0055648213 0.0055648213 0.0055648213 0.0055648213 0.0055648213 0.0055648213 0.0055648213 0.0055648213 0.0055648213 0.0055648213 0.0055648213 0.0055648213 0.0055648213 0.0055648213 0.0055648213 0.0055648213 0.0055648213 0.0055648213 0.0055648213 0.0055648213 0.0055648213 0.0055648213 0.0055648213 0.0055648213 0.0055648213 0.0055648213 0.0055648213 0.0055648213 0.0055648213 0.0055648213 0.0055648213 0.0055648213 0.0055648213 0.0055648213 0.0055648213 0.0055648213 0.0055648213 0.0055648213 0.0055648213 0.0055648213 0.0055648213 0.0055648213 0.0055648213 0.0055648213 0.0055648213 0.0055648213 0.0055648213 0.0055648213 0.0055648213 0.0055648213 0.0055648213 0.0055648213 0.0055648213 0.0055648213 0.0055648213 0.0055648213 0.0055648213 0.0055648213 0.0055648213 0.0055648213 0.0055648213 0.0055648213 0.0055648213 0.0055648213 0.0055648213 0.0055648213 0.0055648213 0.0055648213 0.0055648213 0.0055648213 0.0055648213 0.0055648213 0.0055648213 0.0055648213 0.0055648213 0.0055648213 0.0055648213 0.0055648213 0.0055648213 0.0055648213 0.0055648213 0.0055648213 0.0055648213 0.0055648213 0.0055648213 0.0055648213 0.0055648213 0.0055648213 0.0055648213 0.0055648213 0.0055648213 0.0055648213 0.0055648213 0.0055648213 0.0055648213 0.0055648213 0.0055648213 0.0055648213 0.0055648213 0.0055648213 0.0055648213 0.0055648213 0.0055648213 0.0055648213 0.0055648213 0.0055648213 0.0055648213 0.0055648213 0.0055648213 0.0055648213 0.0055648213 0.0055648213 0.0055648213 0.0055648213 0.0055648213 0.0055648213 0.0055648213 0.0055648213 0.0055648213 0.0055648213 0.0055648213 0.0055648213 0.0055648213 0.0055648213 0.0055648213 0.0055648213 0.0055648213 0.0055648213 0.0055648213 0.0055648213 0.0055648213 0.0055648213 0.0055648213 0.0055648213 0.0055648213 0.0055648213 0.0055648213 0.0055648213 0.0055648213 0.0055648213 0.0055648213 0.0055648213 0.0055648213 0.0055648213 0.0055648213 0.0055648213 0.0055648213 0.0055648213 0.0055648213 0.0055648213 0.0055648213 0.0055648213 0.0055648213 0.0055648213 0.0055648213 0.0055648213 0.0055648213 0.0054642752 0.0054642752 0.0054642752 0.0054642752 0.0054642752 0.0054642752 0.0054642752 0.0054642752 0.0054642752 0.0054642752 0.0054642752 0.0054642752 0.0054642752 0.0054642752 0.0054642752 0.0054642752 0.0054642752 0.0054642752 0.0054642752 0.0054642752 0.0054642752 0.0054642752 0.0054642752 0.0054642752 0.0054642752 0.0054642752 0.0054642752 0.0054642752 0.0054642752 0.0054642752 0.0054642752 0.0054642752 0.0054642752 0.0054642752 0.0054642752 0.0054642752 0.0054642752 0.0054642752 0.0054642752 0.0054642752 0.0054642752 0.0054642752 0.0054642752 0.0054642752 0.0054642752 0.0054642752 0.0054642752 0.0054642752 0.0054642752 0.0054642752 0.0054642752 0.0054642752 0.0054642752 0.0054642752 0.0054642752 0.0054642752 0.0054642752 0.0054642752 0.0054642752 0.0054642752 0.0054642752 0.0054642752 0.0054642752 0.0054642752 0.0054642752 0.0054642752 0.0054642752 0.0054642752 0.0054642752 0.0054642752 0.0054642752 0.0054642752 0.0054642752 0.0054642752 0.0054642752 0.0054642752 0.0054642752 0.0054642752 0.0054642752 0.0054642752 0.0054642752 0.0054642752 0.0054642752 0.0054642752 0.0054642752 0.0054642752 0.0053669959 0.0053669959 0.0053669959 0.0053669959 0.0053669959 0.0053669959 0.0053669959 0.0053669959 0.0053669959 0.0053669959 0.0053669959 0.0053669959 0.0053669959 0.0053669959 0.0053669959 0.0053669959 0.0053669959 0.0053669959 0.0053669959 0.0053669959 0.0053669959 0.0053669959 0.0053669959 0.0053669959 0.0053669959 0.0053669959 0.0053669959 0.0053669959 0.0053669959 0.0053669959 0.0053669959 0.0053669959 0.0053669959 0.0053669959 0.0053669959 0.0053669959 0.0053669959 0.0053669959 0.0053669959 0.0053669959 0.0053669959 0.0053669959 0.0053669959 0.0053669959 0.0053669959 0.0053669959 0.0053669959 0.0053669959 0.0053669959 0.0053669959 0.0053669959 0.0053669959 0.0053669959 0.0053669959 0.0053669959 0.0053669959 0.0053669959 0.0053669959 0.0053669959 0.0053669959 0.0053669959 0.0053669959 0.0053669959 0.0053669959 0.0053669959 0.0053669959 0.0053669959 0.0053669959 0.0053669959 0.0053669959 0.0053669959 0.0053669959 0.0053669959 0.0053669959 0.0053669959 0.0053669959 0.0053669959 0.0053669959 0.0053669959 0.0053669959 0.0053669959 0.0053669959 0.0053669959 0.0053669959 0.0053669959 0.0053669959 0.0053669959 0.0053669959 0.0053669959 0.0053669959 0.0053669959 0.0053669959 0.0053669959 0.0053669959 0.0053669959 0.0053669959 0.0053669959 0.0053669959 0.0052697165 0.0052697165 0.0052697165 0.0052697165 0.0052697165 0.0052697165 0.0052697165 0.0052697165 0.0052697165 0.0052697165 0.0052697165 0.0052697165 0.0052697165 0.0052697165 0.0052697165 0.0052697165 0.0052697165 0.0052697165 0.0052697165 0.0052697165 0.0052697165 0.0052697165 0.0052697165 0.0052697165 0.0052697165 0.0052697165 0.0052697165 0.0052697165 0.0052697165 0.0052697165 0.0052697165 0.0052697165 0.0052697165 0.0052697165 0.0052697165 0.0052697165 0.0052697165 0.0052697165 0.0052697165 0.0052697165 0.0052697165 0.0052697165 0.0052528076 0.0052528076 0.0052528076 0.0052528076 0.0052528076 0.0052528076 0.0052528076 0.0052528076 0.0052528076 0.0052528076 0.0052528076 0.0052528076 0.0052528076 0.0052528076 0.0052528076 0.0052528076 0.0052528076 0.0052528076 0.0052528076 0.0052528076 0.0052358986 0.0052358986 0.0052358986 0.0052358986 0.0052358986 0.0052358986  
uv:Tf/Scatterer1/L11/Values  = 2151 0.6313456726 0.6313456726 0.6313456726 0.6313456726 0.6313456726 0.6313456726 0.6313456726 0.6313456726 0.6313456726 0.6313456726 0.6313456726 0.6313456726 0.6313456726 0.6313456726 0.6313456726 0.6313456726 0.6313456726 0.6313456726 0.6313456726 0.6313456726 0.6313456726 0.6313456726 0.6313456726 0.6313456726 0.6313456726 0.6313456726 0.6313456726 0.6313456726 0.6313456726 0.6313456726 0.6313456726 0.6313456726 0.6313456726 0.6313456726 0.6313456726 0.6313456726 0.6313456726 0.6313456726 0.6313456726 0.6313456726 0.6313456726 0.6313456726 0.6313456726 0.6313456726 0.6313456726 0.6313456726 0.6313456726 0.6313456726 0.6313456726 0.6313456726 0.6313456726 0.6313456726 0.6313456726 0.6313456726 0.6313456726 0.6313456726 0.6313456726 0.6313456726 0.6313456726 0.6313456726 0.6313456726 0.6313456726 0.6313456726 0.6313456726 0.6313456726 0.6313456726 0.6313456726 0.6313456726 0.6313456726 0.6313456726 0.6313456726 0.6313456726 0.6313456726 0.6313456726 0.6313456726 0.6313456726 0.6313456726 0.6313456726 0.6313456726 0.6313456726 0.6313456726 0.6313456726 0.6313456726 0.6313456726 0.6313456726 0.6313456726 0.6313456726 0.6313456726 0.6313456726 0.6313456726 0.6313456726 0.6313456726 0.6313456726 0.6313456726 0.6313456726 0.6313456726 0.6313456726 0.6313456726 0.6313456726 0.6313456726 0.6313456726 0.6313456726 0.6313456726 0.6313456726 0.6313456726 0.6313456726 0.6313456726 0.6313456726 0.6313456726 0.6313456726 0.6313456726 0.6313456726 0.6313456726 0.6313456726 0.6313456726 0.6313456726 0.6313456726 0.6313456726 0.6313456726 0.6313456726 0.6313456726 0.6313456726 0.6313456726 0.6313456726 0.6313456726 0.6313456726 0.6313456726 0.6313456726 0.6313456726 0.6313456726 0.6313456726 0.6313456726 0.6313456726 0.6313456726 0.6313456726 0.6313456726 0.6313456726 0.6313456726 0.6313456726 0.6313456726 0.6313456726 0.6313456726 0.6313456726 0.6313456726 0.6313456726 0.6313456726 0.6313456726 0.6313456726 0.6313456726 0.6313456726 0.6313456726 0.6313456726 0.6313456726 0.6313456726 0.6313456726 0.6313456726 0.6629194792 0.6629194792 0.6629194792 0.6629194792 0.6629194792 0.6629194792 0.6629194792 0.6629194792 0.6629194792 0.6629194792 0.6629194792 0.6629194792 0.6629194792 0.6629194792 0.6629194792 0.6629194792 0.6629194792 0.6629194792 0.6629194792 0.6629194792 0.6629194792 0.6629194792 0.6629194792 0.6629194792 0.6629194792 0.6629194792 0.6629194792 0.6629194792 0.6629194792 0.6629194792 0.6629194792 0.6629194792 0.6629194792 0.6629194792 0.6629194792 0.6629194792 0.6629194792 0.6629194792 0.6629194792 0.6629194792 0.6629194792 0.6629194792 0.6313456726 0.6313456726 0.6313456726 0.6313456726 0.6313456726 0.6313456726 0.6313456726 0.6313456726 0.6313456726 0.6313456726 0.6313456726 0.6313456726 0.6313456726 0.6313456726 0.6313456726 0.6313456726 0.6313456726 0.6313456726 0.6313456726 0.6313456726 0.6313456726 0.6313456726 0.6313456726 0.6313456726 0.6313456726 0.6313456726 0.6313456726 0.6313456726 0.6313456726 0.6313456726 0.6313456726 0.6313456726 0.6313456726 0.6313456726 0.6313456726 0.6313456726 0.6313456726 0.6313456726 0.6313456726 0.6313456726 0.6313456726 0.6313456726 0.6313456726 0.6313456726 0.6313456726 0.6313456726 0.6313456726 0.6313456726 0.6313456726 0.6313456726 0.6313456726 0.6313456726 0.6313456726 0.6313456726 0.6313456726 0.6313456726 0.6313456726 0.6313456726 0.6313456726 0.6313456726 0.6313456726 0.6313456726 0.6313456726 0.6313456726 0.6313456726 0.6313456726 0.6313456726 0.6313456726 0.6313456726 0.6313456726 0.6313456726 0.6313456726 0.6313456726 0.6313456726 0.6313456726 0.6313456726 0.6313456726 0.6313456726 0.6313456726 0.6313456726 0.6313456726 0.6313456726 0.6313456726 0.6313456726 0.6313456726 0.6313456726 0.6313456726 0.6313456726 0.6313456726 0.6313456726 0.6313456726 0.6313456726 0.6313456726 0.6313456726 0.6313456726 0.6313456726 0.6313456726 0.6313456726 0.6313456726 0.6313456726 0.6313456726 0.6313456726 0.6313456726 0.6313456726 0.6344386597 0.6344386597 0.6344386597 0.6344386597 0.6344386597 0.6344386597 0.6344386597 0.6344386597 0.6344386597 0.6344386597 0.6344386597 0.6344386597 0.6344386597 0.6344386597 0.6344386597 0.6344386597 0.6344386597 0.6344386597 0.6344386597 0.6344386597 0.6344386597 0.6344386597 0.6344386597 0.6344386597 0.6344386597 0.6344386597 0.6344386597 0.6344386597 0.6344386597 0.6344386597 0.6344386597 0.6344386597 0.6344386597 0.6344386597 0.6344386597 0.6344386597 0.6344386597 0.6344386597 0.6344386597 0.6344386597 0.6344386597 0.6344386597 0.6344386597 0.6344386597 0.6344386597 0.6344386597 0.6344386597 0.6344386597 0.6344386597 0.6344386597 0.6344386597 0.6344386597 0.6344386597 0.6344386597 0.6344386597 0.6344386597 0.6344386597 0.6344386597 0.6344386597 0.6344386597 0.6344386597 0.6344386597 0.6344386597 0.6344386597 0.6390781403 0.6390781403 0.6390781403 0.6390781403 0.6390781403 0.6390781403 0.6390781403 0.6390781403 0.6390781403 0.6390781403 0.6390781403 0.6390781403 0.6390781403 0.6390781403 0.6390781403 0.6390781403 0.6390781403 0.6390781403 0.6390781403 0.6390781403 0.6390781403 0.6390781403 0.6390781403 0.6390781403 0.6390781403 0.6390781403 0.6390781403 0.6390781403 0.6390781403 0.6390781403 0.6390781403 0.6390781403 0.6390781403 0.6390781403 0.6390781403 0.6390781403 0.6390781403 0.6390781403 0.6390781403 0.6390781403 0.6390781403 0.6390781403 0.6390781403 0.6390781403 0.6390781403 0.6390781403 0.6390781403 0.6390781403 0.6390781403 0.6390781403 0.6390781403 0.6390781403 0.6390781403 0.6390781403 0.6390781403 0.6390781403 0.6390781403 0.6390781403 0.6390781403 0.6390781403 0.6390781403 0.6390781403 0.6390781403 0.6390781403 0.6390781403 0.6390781403 0.6390781403 0.6390781403 0.6390781403 0.6390781403 0.6390781403 0.6390781403 0.6390781403 0.6390781403 0.6390781403 0.6390781403 0.6390781403 0.6390781403 0.6390781403 0.6390781403 0.6390781403 0.6390781403 0.6390781403 0.6390781403 0.6390781403 0.6390781403 0.6390781403 0.6390781403 0.6390781403 0.6390781403 0.6390781403 0.6390781403 0.6390781403 0.6390781403 0.6390781403 0.6390781403 0.6390781403 0.6390781403 0.6390781403 0.6390781403 0.6390781403 0.6390781403 0.6390781403 0.6390781403 0.6390781403 0.6390781403 0.6390781403 0.6390781403 0.6390781403 0.6390781403 0.6390781403 0.6390781403 0.6390781403 0.6390781403 0.6390781403 0.6390781403 0.6390781403 0.6390781403 0.6390781403 0.6390781403 0.6390781403 0.6390781403 0.6390781403 0.6390781403 0.6390781403 0.6390781403 0.6390781403 0.6390781403 0.6390781403 0.6390781403 0.6390781403 0.6390781403 0.6390781403 0.6390781403 0.6390781403 0.6390781403 0.6390781403 0.6390781403 0.6390781403 0.6390781403 0.6390781403 0.6390781403 0.6390781403 0.6390781403 0.6390781403 0.6390781403 0.6390781403 0.6390781403 0.6390781403 0.6390781403 0.6390781403 0.6390781403 0.6390781403 0.6390781403 0.6390781403 0.6390781403 0.6390781403 0.6390781403 0.6390781403 0.6248216521 0.6248216521 0.6248216521 0.6248216521 0.6248216521 0.6248216521 0.6248216521 0.6248216521 0.6248216521 0.6248216521 0.6248216521 0.6248216521 0.6248216521 0.6248216521 0.6248216521 0.6248216521 0.6248216521 0.6248216521 0.6248216521 0.6248216521 0.6248216521 0.6248216521 0.6248216521 0.6248216521 0.6248216521 0.6248216521 0.6248216521 0.6248216521 0.6248216521 0.6248216521 0.6248216521 0.6248216521 0.6248216521 0.6248216521 0.6248216521 0.6248216521 0.6248216521 0.6248216521 0.6248216521 0.6248216521 0.6248216521 0.6248216521 0.6248216521 0.6248216521 0.6248216521 0.6248216521 0.6248216521 0.6248216521 0.6248216521 0.6248216521 0.6248216521 0.6248216521 0.6248216521 0.6248216521 0.6248216521 0.6248216521 0.6248216521 0.6248216521 0.6248216521 0.6248216521 0.6248216521 0.6248216521 0.6248216521 0.6248216521 0.6248216521 0.6248216521 0.6248216521 0.6248216521 0.6248216521 0.6248216521 0.6248216521 0.6248216521 0.6248216521 0.6248216521 0.6248216521 0.6248216521 0.6248216521 0.6248216521 0.6248216521 0.6248216521 0.6248216521 0.6248216521 0.6248216521 0.6248216521 0.6248216521 0.6248216521 0.6248216521 0.6248216521 0.6248216521 0.6248216521 0.6248216521 0.6248216521 0.6248216521 0.6248216521 0.6248216521 0.6248216521 0.6248216521 0.6248216521 0.6248216521 0.6248216521 0.6248216521 0.6248216521 0.6248216521 0.6248216521 0.6248216521 0.6248216521 0.6248216521 0.6248216521 0.6248216521 0.6248216521 0.6248216521 0.6248216521 0.6248216521 0.6248216521 0.6248216521 0.6248216521 0.6248216521 0.6248216521 0.6248216521 0.6248216521 0.6248216521 0.6248216521 0.6248216521 0.6248216521 0.6248216521 0.6248216521 0.6248216521 0.6248216521 0.6248216521 0.6248216521 0.6248216521 0.6248216521 0.6248216521 0.6248216521 0.6248216521 0.6248216521 0.6248216521 0.6248216521 0.6248216521 0.6248216521 0.6248216521 0.6248216521 0.6248216521 0.6248216521 0.6248216521 0.6248216521 0.6248216521 0.6248216521 0.6248216521 0.6248216521 0.6153173266 0.6153173266 0.6153173266 0.6153173266 0.6153173266 0.6153173266 0.6153173266 0.6153173266 0.6153173266 0.6153173266 0.6153173266 0.6153173266 0.6153173266 0.6153173266 0.6153173266 0.6153173266 0.6153173266 0.6153173266 0.6153173266 0.6153173266 0.6153173266 0.6153173266 0.6153173266 0.6153173266 0.6153173266 0.6153173266 0.6153173266 0.6153173266 0.6153173266 0.6153173266 0.6153173266 0.6153173266 0.6153173266 0.6153173266 0.6153173266 0.6153173266 0.6153173266 0.6153173266 0.6153173266 0.6153173266 0.6153173266 0.6153173266 0.6153173266 0.6153173266 0.6153173266 0.6153173266 0.6153173266 0.6153173266 0.6153173266 0.6153173266 0.6153173266 0.6153173266 0.6153173266 0.6153173266 0.6153173266 0.6153173266 0.6153173266 0.6153173266 0.6153173266 0.6153173266 0.6153173266 0.6153173266 0.6153173266 0.6153173266 0.6153173266 0.6153173266 0.6153173266 0.6153173266 0.6153173266 0.6153173266 0.6153173266 0.6153173266 0.6153173266 0.6153173266 0.6153173266 0.6153173266 0.6153173266 0.6153173266 0.6153173266 0.6153173266 0.6153173266 0.6153173266 0.6153173266 0.6153173266 0.6153173266 0.6153173266 0.6153173266 0.6153173266 0.6153173266 0.6153173266 0.6153173266 0.6153173266 0.6153173266 0.6153173266 0.6153173266 0.6153173266 0.6153173266 0.6153173266 0.6153173266 0.6153173266 0.6153173266 0.6153173266 0.6153173266 0.6153173266 0.6153173266 0.6153173266 0.6153173266 0.6153173266 0.6153173266 0.6153173266 0.6153173266 0.6153173266 0.6153173266 0.6153173266 0.6153173266 0.6153173266 0.6153173266 0.6153173266 0.6153173266 0.6153173266 0.5754060467 0.5754060467 0.5754060467 0.5754060467 0.5754060467 0.5754060467 0.5754060467 0.5754060467 0.5754060467 0.5754060467 0.5754060467 0.5754060467 0.5754060467 0.5754060467 0.5754060467 0.5754060467 0.5754060467 0.5754060467 0.5754060467 0.5754060467 0.5754060467 0.5754060467 0.5754060467 0.5754060467 0.5754060467 0.5754060467 0.5754060467 0.5754060467 0.5754060467 0.5754060467 0.5754060467 0.5754060467 0.5754060467 0.5754060467 0.5754060467 0.5754060467 0.5754060467 0.5754060467 0.5754060467 0.5754060467 0.5754060467 0.5754060467 0.5754060467 0.5754060467 0.5754060467 0.5754060467 0.5754060467 0.5754060467 0.5754060467 0.5754060467 0.5754060467 0.5754060467 0.5754060467 0.5754060467 0.5754060467 0.5754060467 0.5754060467 0.5754060467 0.5754060467 0.5754060467 0.5754060467 0.5754060467 0.5754060467 0.5754060467 0.5754060467 0.5754060467 0.5754060467 0.5754060467 0.5754060467 0.5754060467 0.5754060467 0.5754060467 0.5754060467 0.5754060467 0.5754060467 0.5754060467 0.5754060467 0.5754060467 0.5754060467 0.5754060467 0.5754060467 0.5754060467 0.5754060467 0.5754060467 0.5754060467 0.5487985267 0.5487985267 0.5487985267 0.5487985267 0.5487985267 0.5487985267 0.5487985267 0.5487985267 0.5487985267 0.5487985267 0.5487985267 0.5487985267 0.5487985267 0.5487985267 0.5487985267 0.5487985267 0.5487985267 0.5487985267 0.5487985267 0.5487985267 0.5487985267 0.5487985267 0.5487985267 0.5487985267 0.5487985267 0.5487985267 0.5487985267 0.5487985267 0.5487985267 0.5487985267 0.5487985267 0.5487985267 0.5487985267 0.5487985267 0.5487985267 0.5487985267 0.5487985267 0.5487985267 0.5487985267 0.5487985267 0.5487985267 0.5487985267 0.5487985267 0.5487985267 0.5487985267 0.5487985267 0.5487985267 0.5487985267 0.5487985267 0.5487985267 0.5487985267 0.5487985267 0.5487985267 0.5487985267 0.5487985267 0.5487985267 0.5487985267 0.5487985267 0.5487985267 0.5487985267 0.5487985267 0.5487985267 0.5487985267 0.5487985267 0.5487985267 0.5487985267 0.5487985267 0.5487985267 0.5487985267 0.5487985267 0.5487985267 0.5487985267 0.5487985267 0.5487985267 0.5487985267 0.5487985267 0.5487985267 0.5487985267 0.5487985267 0.5487985267 0.5487985267 0.5487985267 0.5487985267 0.5487985267 0.5487985267 0.5487985267 0.5487985267 0.5487985267 0.5487985267 0.5487985267 0.5487985267 0.5487985267 0.5487985267 0.5487985267 0.5487985267 0.5487985267 0.5487985267 0.5487985267 0.5487985267 0.5487985267 0.5487985267 0.5487985267 0.5487985267 0.5487985267 0.5487985267 0.5134211369 0.5134211369 0.5134211369 0.5134211369 0.5134211369 0.5134211369 0.5134211369 0.5134211369 0.5134211369 0.5134211369 0.5134211369 0.5134211369 0.5134211369 0.5134211369 0.5134211369 0.5134211369 0.5134211369 0.5134211369 0.5134211369 0.5134211369 0.5134211369 0.5134211369 0.5134211369 0.5134211369 0.5134211369 0.5134211369 0.5134211369 0.5134211369 0.5134211369 0.5134211369 0.5134211369 0.5134211369 0.5134211369 0.5134211369 0.5134211369 0.5134211369 0.5134211369 0.5134211369 0.5134211369 0.5134211369 0.5134211369 0.5134211369 0.5134211369 0.5134211369 0.5134211369 0.5134211369 0.5134211369 0.5134211369 0.5134211369 0.5134211369 0.5134211369 0.5134211369 0.5134211369 0.5134211369 0.5134211369 0.5134211369 0.5134211369 0.5134211369 0.5134211369 0.5134211369 0.5134211369 0.5134211369 0.5134211369 0.5134211369 0.5134211369 0.5134211369 0.5134211369 0.5134211369 0.5134211369 0.5134211369 0.5134211369 0.5134211369 0.5134211369 0.5134211369 0.5134211369 0.5134211369 0.5134211369 0.5134211369 0.5134211369 0.5134211369 0.5134211369 0.5134211369 0.5134211369 0.5134211369 0.5134211369 0.5134211369 0.5134211369 0.5134211369 0.5134211369 0.5134211369 0.5134211369 0.5134211369 0.5134211369 0.5134211369 0.5134211369 0.5134211369 0.5134211369 0.5134211369 0.5134211369 0.5134211369 0.5134211369 0.5134211369 0.5134211369 0.5134211369 0.5134211369 0.5134211369 0.5134211369 0.5134211369 0.5134211369 0.5134211369 0.5134211369 0.5134211369 0.5134211369 0.5134211369 0.5134211369 0.5134211369 0.5134211369 0.5134211369 0.5134211369 0.5134211369 0.5134211369 0.5134211369 0.5134211369 0.5134211369 0.5134211369 0.5134211369 0.5134211369 0.5134211369 0.5134211369 0.5134211369 0.5134211369 0.5134211369 0.5134211369 0.5134211369 0.5134211369 0.5134211369 0.5134211369 0.5134211369 0.5134211369 0.5134211369 0.5134211369 0.5134211369 0.4603550522 0.4603550522 0.4603550522 0.4603550522 0.4603550522 0.4603550522 0.4603550522 0.4603550522 0.4603550522 0.4603550522 0.4603550522 0.4603550522 0.4603550522 0.4603550522 0.4603550522 0.4603550522 0.4603550522 0.4603550522 0.4603550522 0.4603550522 0.4603550522 0.4603550522 0.4603550522 0.4603550522 0.4603550522 0.4603550522 0.4603550522 0.4603550522 0.4603550522 0.4603550522 0.4603550522 0.4603550522 0.4603550522 0.4603550522 0.4603550522 0.4603550522 0.4603550522 0.4603550522 0.4603550522 0.4603550522 0.4603550522 0.4603550522 0.4603550522 0.4603550522 0.4603550522 0.4603550522 0.4603550522 0.4603550522 0.4603550522 0.4603550522 0.4603550522 0.4603550522 0.4603550522 0.4603550522 0.4603550522 0.4603550522 0.4603550522 0.4603550522 0.4603550522 0.4603550522 0.4603550522 0.4603550522 0.4603550522 0.4603550522 0.4603550522 0.4603550522 0.4603550522 0.4603550522 0.4603550522 0.4603550522 0.4603550522 0.4603550522 0.4603550522 0.4603550522 0.4603550522 0.4603550522 0.4603550522 0.4603550522 0.4603550522 0.4603550522 0.4603550522 0.4603550522 0.4603550522 0.4603550522 0.4603550522 0.4603550522 0.4603550522 0.4603550522 0.4603550522 0.4603550522 0.4603550522 0.4603550522 0.4603550522 0.4603550522 0.4603550522 0.4603550522 0.4603550522 0.4603550522 0.4603550522 0.4603550522 0.4603550522 0.4603550522 0.4603550522 0.4603550522 0.4603550522 0.4603550522 0.4603550522 0.4603550522 0.4603550522 0.4603550522 0.4603550522 0.4603550522 0.4603550522 0.4603550522 0.4603550522 0.4603550522 0.4603550522 0.4603550522 0.4603550522 0.4603550522 0.4603550522 0.4603550522 0.4603550522 0.4603550522 0.4603550522 0.4603550522 0.4603550522 0.4603550522 0.4603550522 0.4603550522 0.4603550522 0.4603550522 0.4603550522 0.4603550522 0.4603550522 0.4603550522 0.4603550522 0.4603550522 0.4603550522 0.4603550522 0.4603550522 0.4603550522 0.4603550522 0.4603550522 0.4603550522 0.4603550522 0.4603550522 0.4603550522 0.4603550522 0.4603550522 0.4603550522 0.4603550522 0.4603550522 0.4603550522 0.4603550522 0.4603550522 0.4603550522 0.4603550522 0.4603550522 0.4603550522 0.4603550522 0.4603550522 0.4603550522 0.4603550522 0.4603550522 0.4603550522 0.4603550522 0.4603550522 0.4603550522 0.4603550522 0.4603550522 0.4603550522 0.4603550522 0.4603550522 0.4603550522 0.4603550522 0.4603550522 0.4603550522 0.4603550522 0.4603550522 0.4603550522 0.4603550522 0.4603550522 0.4603550522 0.4603550522 0.4603550522 0.4603550522 0.4603550522 0.4603550522 0.4603550522 0.4603550522 0.4603550522 0.4603550522 0.4603550522 0.4603550522 0.4603550522 0.4603550522 0.4603550522 0.4603550522 0.4603550522 0.4603550522 0.4603550522 0.4603550522 0.4603550522 0.4603550522 0.4603550522 0.4603550522 0.4603550522 0.4603550522 0.4603550522 0.4603550522 0.4603550522 0.4603550522 0.4603550522 0.4603550522 0.4603550522 0.4603550522 0.4603550522 0.4603550522 0.4603550522 0.4603550522 0.4603550522 0.4603550522 0.4603550522 0.4603550522 0.4603550522 0.4603550522 0.4603550522 0.4603550522 0.4603550522 0.4603550522 0.4603550522 0.4603550522 0.4603550522 0.4603550522 0.4603550522 0.4603550522 0.4603550522 0.4603550522 0.4603550522 0.4603550522 0.4603550522 0.4603550522 0.4603550522 0.4603550522 0.4603550522 0.4603550522 0.4385966532 0.4385966532 0.4385966532 0.4385966532 0.4385966532 0.4385966532 0.4385966532 0.4385966532 0.4385966532 0.4385966532 0.4385966532 0.4385966532 0.4385966532 0.4385966532 0.4385966532 0.4385966532 0.4385966532 0.4385966532 0.4385966532 0.4385966532 0.4385966532 0.4385966532 0.4385966532 0.4385966532 0.4385966532 0.4385966532 0.4385966532 0.4385966532 0.4385966532 0.4385966532 0.4385966532 0.4385966532 0.4385966532 0.4385966532 0.4385966532 0.4385966532 0.4385966532 0.4385966532 0.4385966532 0.4385966532 0.4385966532 0.4385966532 0.4385966532 0.4385966532 0.4385966532 0.4385966532 0.4385966532 0.4385966532 0.4385966532 0.4385966532 0.4385966532 0.4385966532 0.4385966532 0.4385966532 0.4385966532 0.4385966532 0.4385966532 0.4385966532 0.4385966532 0.4385966532 0.4385966532 0.4385966532 0.4385966532 0.4385966532 0.4385966532 0.4385966532 0.4385966532 0.4385966532 0.4385966532 0.4385966532 0.4385966532 0.4385966532 0.4385966532 0.4385966532 0.4385966532 0.4385966532 0.4385966532 0.4385966532 0.4385966532 0.4385966532 0.4385966532 0.4385966532 0.4385966532 0.4385966532 0.4385966532 0.4385966532 0.4385966532 0.4385966532 0.4385966532 0.4385966532 0.4385966532 0.4385966532 0.4385966532 0.4385966532 0.4385966532 0.4385966532 0.4385966532 0.4385966532 0.4385966532 0.4385966532 0.4385966532 0.4385966532 0.4385966532 0.4385966532 0.4385966532 0.4385966532 0.4385966532 0.4385966532 0.4385966532 0.4385966532 0.4385966532 0.4385966532 0.4385966532 0.4385966532 0.4385966532 0.4385966532 0.4385966532 0.4385966532 0.4385966532 0.4385966532 0.4385966532 0.4385966532 0.4385966532 0.4385966532 0.4385966532 0.4385966532 0.4168382543 0.4168382543 0.4168382543 0.4168382543 0.4168382543 0.4168382543 0.4168382543 0.4168382543 0.4168382543 0.4168382543 0.4168382543 0.4168382543 0.4168382543 0.4168382543 0.4168382543 0.4168382543 0.4168382543 0.4168382543 0.4168382543 0.4168382543 0.4168382543 0.4168382543 0.4168382543 0.4168382543 0.4168382543 0.4168382543 0.4168382543 0.4168382543 0.4168382543 0.4168382543 0.4168382543 0.4168382543 0.4168382543 0.4168382543 0.4168382543 0.4168382543 0.4168382543 0.4168382543 0.4168382543 0.4168382543 0.4168382543 0.4168382543 0.4168382543 0.4168382543 0.4168382543 0.4168382543 0.4168382543 0.4168382543 0.4168382543 0.4168382543 0.4168382543 0.4168382543 0.4168382543 0.4168382543 0.4168382543 0.4168382543 0.4168382543 0.4168382543 0.4168382543 0.4168382543 0.4168382543 0.4168382543 0.4168382543 0.4168382543 0.4168382543 0.4168382543 0.4168382543 0.4168382543 0.4168382543 0.4168382543 0.4168382543 0.4168382543 0.4168382543 0.4168382543 0.4168382543 0.4168382543 0.4168382543 0.4168382543 0.4168382543 0.4168382543 0.4168382543 0.4168382543 0.4168382543 0.4168382543 0.4168382543 0.4168382543 0.4168382543 0.4168382543 0.4168382543 0.4168382543 0.4168382543 0.4168382543 0.4168382543 0.4168382543 0.4168382543 0.4168382543 0.4168382543 0.4168382543 0.4168382543 0.4168382543 0.4168382543 0.4168382543 0.4168382543 0.4168382543 0.4168382543 0.4168382543 0.4168382543 0.4168382543 0.4168382543 0.4168382543 0.4168382543 0.4168382543 0.4168382543 0.4168382543 0.4168382543 0.4168382543 0.4168382543 0.4168382543 0.4073437008 0.4073437008 0.4073437008 0.4073437008 0.4073437008 0.4073437008 0.4073437008 0.4073437008 0.4073437008 0.4073437008 0.4073437008 0.4073437008 0.4073437008 0.4073437008 0.4073437008 0.4073437008 0.4073437008 0.4073437008 0.4073437008 0.4073437008 0.4073437008 0.4073437008 0.4073437008 0.4073437008 0.4073437008 0.4073437008 0.4073437008 0.4073437008 0.4073437008 0.4073437008 0.4073437008 0.4073437008 0.4073437008 0.4073437008 0.4073437008 0.4073437008 0.4073437008 0.4073437008 0.4073437008 0.4073437008 0.4073437008 0.4073437008 0.4073437008 0.4073437008 0.4073437008 0.4073437008 0.4073437008 0.4073437008 0.4073437008 0.4073437008 0.4073437008 0.4073437008 0.4073437008 0.4073437008 0.4073437008 0.4073437008 0.4073437008 0.4073437008 0.4073437008 0.4073437008 0.4073437008 0.4073437008 0.4073437008 0.4073437008 0.4073437008 0.4073437008 0.4073437008 0.4073437008 0.4073437008 0.4073437008 0.4073437008 0.4073437008 0.4073437008 0.4073437008 0.4073437008 0.4073437008 0.4073437008 0.4073437008 0.4073437008 0.4073437008 0.4073437008 0.4073437008 0.4073437008 0.4073437008 0.4073437008 0.4073437008 0.4073437008 0.4073437008 0.4073437008 0.4073437008 0.4073437008 0.4073437008 0.4073437008 0.4073437008 0.4073437008 0.4073437008 0.4073437008 0.4073437008 0.4073437008 0.4073437008 0.4073437008 0.4073437008 0.4073437008 0.4073437008 0.4073437008 0.4073437008 0.4073437008 0.4073437008 0.4073437008 0.4073437008 0.4073437008 0.4073437008 0.4073437008 0.4073437008 0.4073437008 0.4073437008 0.4073437008 0.4114976388 0.4114976388 0.4114976388 0.4114976388 0.4114976388 0.4114976388 0.4114976388 0.4114976388 0.4114976388 0.4114976388 0.4114976388 0.4114976388 0.4114976388 0.4114976388 0.4114976388 0.4114976388 0.4114976388 0.4114976388 0.4114976388 0.4114976388 0.4114976388 0.4114976388 0.4114976388 0.4114976388 0.4114976388 0.4114976388 0.4114976388 0.4114976388 0.4114976388 0.4114976388 0.4114976388 0.4114976388 0.4114976388 0.4114976388 0.4114976388 0.4114976388 0.4114976388 0.4114976388 0.4114976388 0.4114976388 0.4114976388 0.4114976388 0.4114976388 0.4114976388 0.4114976388 0.4114976388 0.4114976388 0.4114976388 0.4114976388 0.4114976388 0.4114976388 0.4114976388 0.4114976388 0.4114976388 0.4114976388 0.4114976388 0.4114976388 0.4114976388 0.4114976388 0.4114976388 0.4114976388 0.4114976388 0.4114976388 0.4114976388 0.4114976388 0.4114976388 0.4114976388 0.4114976388 0.4114976388 0.4114976388 0.4114976388 0.4114976388 0.4114976388 0.4114976388 0.4114976388 0.4114976388 0.4114976388 0.4114976388 0.4114976388 0.4114976388 0.4114976388 0.4114976388 0.4114976388 0.4114976388 0.4114976388 0.4114976388 0.4114976388 0.4114976388 0.4114976388 0.4114976388 0.4114976388 0.4114976388 0.4114976388 0.4114976388 0.4114976388 0.4114976388 0.4114976388 0.4114976388 0.4114976388 0.4114976388 0.4114976388 0.4114976388 0.4114976388 0.4114976388 0.4114976388 0.4114976388 0.4114976388 0.4114976388 0.4114976388 0.4114976388 0.4114976388 0.4114976388 0.4114976388 0.4114976388 0.4114976388 0.4114976388 0.4114976388 0.4114976388 0.4114976388 0.4114976388 0.4114976388 0.4114976388 0.4114976388 0.4114976388 0.4114976388 0.4114976388 0.4114976388 0.4114976388 0.4114976388 0.4114976388 0.4114976388 0.4114976388 0.4114976388 0.4114976388 0.4114976388 0.4114976388 0.4114976388 0.4114976388 0.4114976388 0.4114976388 0.4114976388 0.4114976388 0.4114976388 0.4114976388 0.4114976388 0.4114976388 0.4114976388 0.4114976388 0.4114976388 0.4114976388 0.4114976388 0.4114976388 0.4114976388 0.4114976388 0.4114976388 0.4114976388 0.4114976388 0.4114976388 0.4114976388 0.4114976388 0.4114976388 0.4114976388 0.4114976388 0.4114976388 0.4146457487 0.4146457487 0.4146457487 0.4146457487 0.4146457487 0.4146457487 0.4146457487 0.4146457487 0.4146457487 0.4146457487 0.4146457487 0.4146457487 0.4146457487 0.4146457487 0.4146457487 0.4146457487 0.4146457487 0.4146457487 0.4146457487 0.4146457487 0.4146457487 0.4146457487 0.4146457487 0.4146457487 0.4146457487 0.4146457487 0.4146457487 0.4146457487 0.4146457487 0.4146457487 0.4146457487 0.4146457487 0.4146457487 0.4146457487 0.4146457487 0.4146457487 0.4146457487 0.4146457487 0.4146457487 0.4146457487 0.4146457487 0.4146457487 0.4146457487 0.4146457487 0.4146457487 0.4146457487 0.4146457487 0.4146457487 0.4146457487 0.4146457487 0.4146457487 0.4146457487 0.4146457487 0.4146457487 0.4146457487 0.4146457487 0.4146457487 0.4146457487 0.4146457487 0.4146457487 0.4146457487 0.4146457487 0.4146457487 0.4146457487 0.4146457487 0.4146457487 0.4146457487 0.4146457487 0.4146457487 0.4146457487 0.4146457487 0.4146457487 0.4146457487 0.4146457487 0.4146457487 0.4146457487 0.4146457487 0.4146457487 0.4146457487 0.4146457487 0.4146457487 0.4146457487 0.4146457487 0.4146457487 0.4146457487 0.4146457487 0.4181726765 0.4181726765 0.4181726765 0.4181726765 0.4181726765 0.4181726765 0.4181726765 0.4181726765 0.4181726765 0.4181726765 0.4181726765 0.4181726765 0.4181726765 0.4181726765 0.4181726765 0.4181726765 0.4181726765 0.4181726765 0.4181726765 0.4181726765 0.4181726765 0.4181726765 0.4181726765 0.4181726765 0.4181726765 0.4181726765 0.4181726765 0.4181726765 0.4181726765 0.4181726765 0.4181726765 0.4181726765 0.4181726765 0.4181726765 0.4181726765 0.4181726765 0.4181726765 0.4181726765 0.4181726765 0.4181726765 0.4181726765 0.4181726765 0.4181726765 0.4181726765 0.4181726765 0.4181726765 0.4181726765 0.4181726765 0.4181726765 0.4181726765 0.4181726765 0.4181726765 0.4181726765 0.4181726765 0.4181726765 0.4181726765 0.4181726765 0.4181726765 0.4181726765 0.4181726765 0.4181726765 0.4181726765 0.4181726765 0.4181726765 0.4181726765 0.4181726765 0.4181726765 0.4181726765 0.4181726765 0.4181726765 0.4181726765 0.4181726765 0.4181726765 0.4181726765 0.4181726765 0.4181726765 0.4181726765 0.4181726765 0.4181726765 0.4181726765 0.4181726765 0.4181726765 0.4181726765 0.4181726765 0.4181726765 0.4181726765 0.4181726765 0.4181726765 0.4181726765 0.4181726765 0.4181726765 0.4181726765 0.4181726765 0.4181726765 0.4181726765 0.4181726765 0.4181726765 0.4181726765 0.4216996043 0.4216996043 0.4216996043 0.4216996043 0.4216996043 0.4216996043 0.4216996043 0.4216996043 0.4216996043 0.4216996043 0.4216996043 0.4216996043 0.4216996043 0.4216996043 0.4216996043 0.4216996043 0.4216996043 0.4216996043 0.4216996043 0.4216996043 0.4216996043 0.4216996043 0.4216996043 0.4216996043 0.4216996043 0.4216996043 0.4216996043 0.4216996043 0.4216996043 0.4216996043 0.4216996043 0.4216996043 0.4216996043 0.4216996043 0.4216996043 0.4216996043 0.4216996043 0.4216996043 0.4216996043 0.4216996043 0.4216996043 0.4216996043 0.4023110137 0.4023110137 0.4023110137 0.4023110137 0.4023110137 0.4023110137 0.4023110137 0.4023110137 0.4023110137 0.4023110137 0.4023110137 0.4023110137 0.4023110137 0.4023110137 0.4023110137 0.4023110137 0.4023110137 0.4023110137 0.4023110137 0.4023110137 0.382922423 0.382922423 0.382922423 0.382922423 0.382922423 0.382922423  
dv:Tf/Scatterer1/L12/Values  =  2151 4.9638186164 4.9638186164 4.9638186164 4.9638186164 4.9638186164 4.9638186164 4.9638186164 4.9638186164 4.9638186164 4.9638186164 4.9638186164 4.9638186164 4.9638186164 4.9638186164 4.9638186164 4.9638186164 4.9638186164 4.9638186164 4.9638186164 4.9638186164 4.9638186164 4.9638186164 4.9638186164 4.9638186164 4.9638186164 4.9638186164 4.9638186164 4.9638186164 4.9638186164 4.9638186164 4.9638186164 4.9638186164 4.9638186164 4.9638186164 4.9638186164 4.9638186164 4.9638186164 4.9638186164 4.9638186164 4.9638186164 4.9638186164 4.9638186164 4.9638186164 4.9638186164 4.9638186164 4.9638186164 4.9638186164 4.9638186164 4.9638186164 4.9638186164 4.9638186164 4.9638186164 4.9638186164 4.9638186164 4.9638186164 4.9638186164 4.9638186164 4.9638186164 4.9638186164 4.9638186164 4.9638186164 4.9638186164 4.9638186164 4.9638186164 4.9638186164 4.9638186164 4.9638186164 4.9638186164 4.9638186164 4.9638186164 4.9638186164 4.9638186164 4.9638186164 4.9638186164 4.9638186164 4.9638186164 4.9638186164 4.9638186164 4.9638186164 4.9638186164 4.9638186164 4.9638186164 4.9638186164 4.9638186164 4.9638186164 4.9638186164 4.9638186164 4.9638186164 4.9638186164 4.9638186164 4.9638186164 4.9638186164 4.9638186164 4.9638186164 4.9638186164 4.9638186164 4.9638186164 4.9638186164 4.9638186164 4.9638186164 4.9638186164 4.9638186164 4.9638186164 4.9638186164 4.9638186164 4.9638186164 4.9638186164 4.9638186164 4.9638186164 4.9638186164 4.9638186164 4.9638186164 4.9638186164 4.9638186164 4.9638186164 4.9638186164 4.9638186164 4.9638186164 4.9638186164 4.9638186164 4.9638186164 4.9638186164 4.9638186164 4.9638186164 4.9638186164 4.9638186164 4.9638186164 4.9638186164 4.9638186164 4.9638186164 4.9638186164 4.9638186164 4.9638186164 4.9638186164 4.9638186164 4.9638186164 4.9638186164 4.9638186164 4.9638186164 4.9638186164 4.9638186164 4.9638186164 4.9638186164 4.9638186164 4.9638186164 4.9638186164 4.9638186164 4.9638186164 4.9638186164 4.9638186164 4.9638186164 4.9638186164 4.9638186164 4.9638186164 4.9638186164 4.9638186164 5.1133061952 5.1133061952 5.1133061952 5.1133061952 5.1133061952 5.1133061952 5.1133061952 5.1133061952 5.1133061952 5.1133061952 5.1133061952 5.1133061952 5.1133061952 5.1133061952 5.1133061952 5.1133061952 5.1133061952 5.1133061952 5.1133061952 5.1133061952 5.1133061952 5.1133061952 5.1133061952 5.1133061952 5.1133061952 5.1133061952 5.1133061952 5.1133061952 5.1133061952 5.1133061952 5.1133061952 5.1133061952 5.1133061952 5.1133061952 5.1133061952 5.1133061952 5.1133061952 5.1133061952 5.1133061952 5.1133061952 5.1133061952 5.1133061952 4.9638186164 4.9638186164 4.9638186164 4.9638186164 4.9638186164 4.9638186164 4.9638186164 4.9638186164 4.9638186164 4.9638186164 4.9638186164 4.9638186164 4.9638186164 4.9638186164 4.9638186164 4.9638186164 4.9638186164 4.9638186164 4.9638186164 4.9638186164 4.9638186164 4.9638186164 4.9638186164 4.9638186164 4.9638186164 4.9638186164 4.9638186164 4.9638186164 4.9638186164 4.9638186164 4.9638186164 4.9638186164 4.9638186164 4.9638186164 4.9638186164 4.9638186164 4.9638186164 4.9638186164 4.9638186164 4.9638186164 4.9638186164 4.9638186164 4.9638186164 4.9638186164 4.9638186164 4.9638186164 4.9638186164 4.9638186164 4.9638186164 4.9638186164 4.9638186164 4.9638186164 4.9638186164 4.9638186164 4.9638186164 4.9638186164 4.9638186164 4.9638186164 4.9638186164 4.9638186164 4.9638186164 4.9638186164 4.9638186164 4.9638186164 4.9638186164 4.9638186164 4.9638186164 4.9638186164 4.9638186164 4.9638186164 4.9638186164 4.9638186164 4.9638186164 4.9638186164 4.9638186164 4.9638186164 4.9638186164 4.9638186164 4.9638186164 4.9638186164 4.9638186164 4.9638186164 4.9638186164 4.9638186164 4.9638186164 4.9638186164 4.9638186164 4.9638186164 4.9638186164 4.9638186164 4.9638186164 4.9638186164 4.9638186164 4.9638186164 4.9638186164 4.9638186164 4.9638186164 4.9638186164 4.9638186164 4.9638186164 4.9638186164 4.9638186164 4.9638186164 4.9638186164 4.8747351776 4.8747351776 4.8747351776 4.8747351776 4.8747351776 4.8747351776 4.8747351776 4.8747351776 4.8747351776 4.8747351776 4.8747351776 4.8747351776 4.8747351776 4.8747351776 4.8747351776 4.8747351776 4.8747351776 4.8747351776 4.8747351776 4.8747351776 4.8747351776 4.8747351776 4.8747351776 4.8747351776 4.8747351776 4.8747351776 4.8747351776 4.8747351776 4.8747351776 4.8747351776 4.8747351776 4.8747351776 4.8747351776 4.8747351776 4.8747351776 4.8747351776 4.8747351776 4.8747351776 4.8747351776 4.8747351776 4.8747351776 4.8747351776 4.8747351776 4.8747351776 4.8747351776 4.8747351776 4.8747351776 4.8747351776 4.8747351776 4.8747351776 4.8747351776 4.8747351776 4.8747351776 4.8747351776 4.8747351776 4.8747351776 4.8747351776 4.8747351776 4.8747351776 4.8747351776 4.8747351776 4.8747351776 4.8747351776 4.8747351776 4.7411100195 4.7411100195 4.7411100195 4.7411100195 4.7411100195 4.7411100195 4.7411100195 4.7411100195 4.7411100195 4.7411100195 4.7411100195 4.7411100195 4.7411100195 4.7411100195 4.7411100195 4.7411100195 4.7411100195 4.7411100195 4.7411100195 4.7411100195 4.7411100195 4.7411100195 4.7411100195 4.7411100195 4.7411100195 4.7411100195 4.7411100195 4.7411100195 4.7411100195 4.7411100195 4.7411100195 4.7411100195 4.7411100195 4.7411100195 4.7411100195 4.7411100195 4.7411100195 4.7411100195 4.7411100195 4.7411100195 4.7411100195 4.7411100195 4.7411100195 4.7411100195 4.7411100195 4.7411100195 4.7411100195 4.7411100195 4.7411100195 4.7411100195 4.7411100195 4.7411100195 4.7411100195 4.7411100195 4.7411100195 4.7411100195 4.7411100195 4.7411100195 4.7411100195 4.7411100195 4.7411100195 4.7411100195 4.7411100195 4.7411100195 4.7411100195 4.7411100195 4.7411100195 4.7411100195 4.7411100195 4.7411100195 4.7411100195 4.7411100195 4.7411100195 4.7411100195 4.7411100195 4.7411100195 4.7411100195 4.7411100195 4.7411100195 4.7411100195 4.7411100195 4.7411100195 4.7411100195 4.7411100195 4.7411100195 4.7411100195 4.7411100195 4.7411100195 4.7411100195 4.7411100195 4.7411100195 4.7411100195 4.7411100195 4.7411100195 4.7411100195 4.7411100195 4.7411100195 4.7411100195 4.7411100195 4.7411100195 4.7411100195 4.7411100195 4.7411100195 4.7411100195 4.7411100195 4.7411100195 4.7411100195 4.7411100195 4.7411100195 4.7411100195 4.7411100195 4.7411100195 4.7411100195 4.7411100195 4.7411100195 4.7411100195 4.7411100195 4.7411100195 4.7411100195 4.7411100195 4.7411100195 4.7411100195 4.7411100195 4.7411100195 4.7411100195 4.7411100195 4.7411100195 4.7411100195 4.7411100195 4.7411100195 4.7411100195 4.7411100195 4.7411100195 4.7411100195 4.7411100195 4.7411100195 4.7411100195 4.7411100195 4.7411100195 4.7411100195 4.7411100195 4.7411100195 4.7411100195 4.7411100195 4.7411100195 4.7411100195 4.7411100195 4.7411100195 4.7411100195 4.7411100195 4.7411100195 4.7411100195 4.7411100195 4.7411100195 4.7411100195 4.7411100195 4.7411100195 4.7411100195 4.7411100195 4.6176923634 4.6176923634 4.6176923634 4.6176923634 4.6176923634 4.6176923634 4.6176923634 4.6176923634 4.6176923634 4.6176923634 4.6176923634 4.6176923634 4.6176923634 4.6176923634 4.6176923634 4.6176923634 4.6176923634 4.6176923634 4.6176923634 4.6176923634 4.6176923634 4.6176923634 4.6176923634 4.6176923634 4.6176923634 4.6176923634 4.6176923634 4.6176923634 4.6176923634 4.6176923634 4.6176923634 4.6176923634 4.6176923634 4.6176923634 4.6176923634 4.6176923634 4.6176923634 4.6176923634 4.6176923634 4.6176923634 4.6176923634 4.6176923634 4.6176923634 4.6176923634 4.6176923634 4.6176923634 4.6176923634 4.6176923634 4.6176923634 4.6176923634 4.6176923634 4.6176923634 4.6176923634 4.6176923634 4.6176923634 4.6176923634 4.6176923634 4.6176923634 4.6176923634 4.6176923634 4.6176923634 4.6176923634 4.6176923634 4.6176923634 4.6176923634 4.6176923634 4.6176923634 4.6176923634 4.6176923634 4.6176923634 4.6176923634 4.6176923634 4.6176923634 4.6176923634 4.6176923634 4.6176923634 4.6176923634 4.6176923634 4.6176923634 4.6176923634 4.6176923634 4.6176923634 4.6176923634 4.6176923634 4.6176923634 4.6176923634 4.6176923634 4.6176923634 4.6176923634 4.6176923634 4.6176923634 4.6176923634 4.6176923634 4.6176923634 4.6176923634 4.6176923634 4.6176923634 4.6176923634 4.6176923634 4.6176923634 4.6176923634 4.6176923634 4.6176923634 4.6176923634 4.6176923634 4.6176923634 4.6176923634 4.6176923634 4.6176923634 4.6176923634 4.6176923634 4.6176923634 4.6176923634 4.6176923634 4.6176923634 4.6176923634 4.6176923634 4.6176923634 4.6176923634 4.6176923634 4.6176923634 4.6176923634 4.6176923634 4.6176923634 4.6176923634 4.6176923634 4.6176923634 4.6176923634 4.6176923634 4.6176923634 4.6176923634 4.6176923634 4.6176923634 4.6176923634 4.6176923634 4.6176923634 4.6176923634 4.6176923634 4.6176923634 4.6176923634 4.6176923634 4.6176923634 4.6176923634 4.6176923634 4.6176923634 4.6176923634 4.6176923634 4.6176923634 4.6176923634 4.6176923634 4.535413926 4.535413926 4.535413926 4.535413926 4.535413926 4.535413926 4.535413926 4.535413926 4.535413926 4.535413926 4.535413926 4.535413926 4.535413926 4.535413926 4.535413926 4.535413926 4.535413926 4.535413926 4.535413926 4.535413926 4.535413926 4.535413926 4.535413926 4.535413926 4.535413926 4.535413926 4.535413926 4.535413926 4.535413926 4.535413926 4.535413926 4.535413926 4.535413926 4.535413926 4.535413926 4.535413926 4.535413926 4.535413926 4.535413926 4.535413926 4.535413926 4.535413926 4.535413926 4.535413926 4.535413926 4.535413926 4.535413926 4.535413926 4.535413926 4.535413926 4.535413926 4.535413926 4.535413926 4.535413926 4.535413926 4.535413926 4.535413926 4.535413926 4.535413926 4.535413926 4.535413926 4.535413926 4.535413926 4.535413926 4.535413926 4.535413926 4.535413926 4.535413926 4.535413926 4.535413926 4.535413926 4.535413926 4.535413926 4.535413926 4.535413926 4.535413926 4.535413926 4.535413926 4.535413926 4.535413926 4.535413926 4.535413926 4.535413926 4.535413926 4.535413926 4.535413926 4.535413926 4.535413926 4.535413926 4.535413926 4.535413926 4.535413926 4.535413926 4.535413926 4.535413926 4.535413926 4.535413926 4.535413926 4.535413926 4.535413926 4.535413926 4.535413926 4.535413926 4.535413926 4.535413926 4.535413926 4.535413926 4.535413926 4.535413926 4.535413926 4.535413926 4.535413926 4.535413926 4.535413926 4.535413926 4.535413926 4.535413926 4.535413926 4.535413926 4.535413926 4.4015142207 4.4015142207 4.4015142207 4.4015142207 4.4015142207 4.4015142207 4.4015142207 4.4015142207 4.4015142207 4.4015142207 4.4015142207 4.4015142207 4.4015142207 4.4015142207 4.4015142207 4.4015142207 4.4015142207 4.4015142207 4.4015142207 4.4015142207 4.4015142207 4.4015142207 4.4015142207 4.4015142207 4.4015142207 4.4015142207 4.4015142207 4.4015142207 4.4015142207 4.4015142207 4.4015142207 4.4015142207 4.4015142207 4.4015142207 4.4015142207 4.4015142207 4.4015142207 4.4015142207 4.4015142207 4.4015142207 4.4015142207 4.4015142207 4.4015142207 4.4015142207 4.4015142207 4.4015142207 4.4015142207 4.4015142207 4.4015142207 4.4015142207 4.4015142207 4.4015142207 4.4015142207 4.4015142207 4.4015142207 4.4015142207 4.4015142207 4.4015142207 4.4015142207 4.4015142207 4.4015142207 4.4015142207 4.4015142207 4.4015142207 4.4015142207 4.4015142207 4.4015142207 4.4015142207 4.4015142207 4.4015142207 4.4015142207 4.4015142207 4.4015142207 4.4015142207 4.4015142207 4.4015142207 4.4015142207 4.4015142207 4.4015142207 4.4015142207 4.4015142207 4.4015142207 4.4015142207 4.4015142207 4.4015142207 4.3122477505 4.3122477505 4.3122477505 4.3122477505 4.3122477505 4.3122477505 4.3122477505 4.3122477505 4.3122477505 4.3122477505 4.3122477505 4.3122477505 4.3122477505 4.3122477505 4.3122477505 4.3122477505 4.3122477505 4.3122477505 4.3122477505 4.3122477505 4.3122477505 4.3122477505 4.3122477505 4.3122477505 4.3122477505 4.3122477505 4.3122477505 4.3122477505 4.3122477505 4.3122477505 4.3122477505 4.3122477505 4.3122477505 4.3122477505 4.3122477505 4.3122477505 4.3122477505 4.3122477505 4.3122477505 4.3122477505 4.3122477505 4.3122477505 4.3122477505 4.3122477505 4.3122477505 4.3122477505 4.3122477505 4.3122477505 4.3122477505 4.3122477505 4.3122477505 4.3122477505 4.3122477505 4.3122477505 4.3122477505 4.3122477505 4.3122477505 4.3122477505 4.3122477505 4.3122477505 4.3122477505 4.3122477505 4.3122477505 4.3122477505 4.3122477505 4.3122477505 4.3122477505 4.3122477505 4.3122477505 4.3122477505 4.3122477505 4.3122477505 4.3122477505 4.3122477505 4.3122477505 4.3122477505 4.3122477505 4.3122477505 4.3122477505 4.3122477505 4.3122477505 4.3122477505 4.3122477505 4.3122477505 4.3122477505 4.3122477505 4.3122477505 4.3122477505 4.3122477505 4.3122477505 4.3122477505 4.3122477505 4.3122477505 4.3122477505 4.3122477505 4.3122477505 4.3122477505 4.3122477505 4.3122477505 4.3122477505 4.3122477505 4.3122477505 4.3122477505 4.3122477505 4.3122477505 4.2359945865 4.2359945865 4.2359945865 4.2359945865 4.2359945865 4.2359945865 4.2359945865 4.2359945865 4.2359945865 4.2359945865 4.2359945865 4.2359945865 4.2359945865 4.2359945865 4.2359945865 4.2359945865 4.2359945865 4.2359945865 4.2359945865 4.2359945865 4.2359945865 4.2359945865 4.2359945865 4.2359945865 4.2359945865 4.2359945865 4.2359945865 4.2359945865 4.2359945865 4.2359945865 4.2359945865 4.2359945865 4.2359945865 4.2359945865 4.2359945865 4.2359945865 4.2359945865 4.2359945865 4.2359945865 4.2359945865 4.2359945865 4.2359945865 4.2359945865 4.2359945865 4.2359945865 4.2359945865 4.2359945865 4.2359945865 4.2359945865 4.2359945865 4.2359945865 4.2359945865 4.2359945865 4.2359945865 4.2359945865 4.2359945865 4.2359945865 4.2359945865 4.2359945865 4.2359945865 4.2359945865 4.2359945865 4.2359945865 4.2359945865 4.2359945865 4.2359945865 4.2359945865 4.2359945865 4.2359945865 4.2359945865 4.2359945865 4.2359945865 4.2359945865 4.2359945865 4.2359945865 4.2359945865 4.2359945865 4.2359945865 4.2359945865 4.2359945865 4.2359945865 4.2359945865 4.2359945865 4.2359945865 4.2359945865 4.2359945865 4.2359945865 4.2359945865 4.2359945865 4.2359945865 4.2359945865 4.2359945865 4.2359945865 4.2359945865 4.2359945865 4.2359945865 4.2359945865 4.2359945865 4.2359945865 4.2359945865 4.2359945865 4.2359945865 4.2359945865 4.2359945865 4.2359945865 4.2359945865 4.2359945865 4.2359945865 4.2359945865 4.2359945865 4.2359945865 4.2359945865 4.2359945865 4.2359945865 4.2359945865 4.2359945865 4.2359945865 4.2359945865 4.2359945865 4.2359945865 4.2359945865 4.2359945865 4.2359945865 4.2359945865 4.2359945865 4.2359945865 4.2359945865 4.2359945865 4.2359945865 4.2359945865 4.2359945865 4.2359945865 4.2359945865 4.2359945865 4.2359945865 4.2359945865 4.2359945865 4.2359945865 4.2359945865 4.2359945865 4.2359945865 4.2359945865 4.1216148404 4.1216148404 4.1216148404 4.1216148404 4.1216148404 4.1216148404 4.1216148404 4.1216148404 4.1216148404 4.1216148404 4.1216148404 4.1216148404 4.1216148404 4.1216148404 4.1216148404 4.1216148404 4.1216148404 4.1216148404 4.1216148404 4.1216148404 4.1216148404 4.1216148404 4.1216148404 4.1216148404 4.1216148404 4.1216148404 4.1216148404 4.1216148404 4.1216148404 4.1216148404 4.1216148404 4.1216148404 4.1216148404 4.1216148404 4.1216148404 4.1216148404 4.1216148404 4.1216148404 4.1216148404 4.1216148404 4.1216148404 4.1216148404 4.1216148404 4.1216148404 4.1216148404 4.1216148404 4.1216148404 4.1216148404 4.1216148404 4.1216148404 4.1216148404 4.1216148404 4.1216148404 4.1216148404 4.1216148404 4.1216148404 4.1216148404 4.1216148404 4.1216148404 4.1216148404 4.1216148404 4.1216148404 4.1216148404 4.1216148404 4.1216148404 4.1216148404 4.1216148404 4.1216148404 4.1216148404 4.1216148404 4.1216148404 4.1216148404 4.1216148404 4.1216148404 4.1216148404 4.1216148404 4.1216148404 4.1216148404 4.1216148404 4.1216148404 4.1216148404 4.1216148404 4.1216148404 4.1216148404 4.1216148404 4.1216148404 4.1216148404 4.1216148404 4.1216148404 4.1216148404 4.1216148404 4.1216148404 4.1216148404 4.1216148404 4.1216148404 4.1216148404 4.1216148404 4.1216148404 4.1216148404 4.1216148404 4.1216148404 4.1216148404 4.1216148404 4.1216148404 4.1216148404 4.1216148404 4.1216148404 4.1216148404 4.1216148404 4.1216148404 4.1216148404 4.1216148404 4.1216148404 4.1216148404 4.1216148404 4.1216148404 4.1216148404 4.1216148404 4.1216148404 4.1216148404 4.1216148404 4.1216148404 4.1216148404 4.1216148404 4.1216148404 4.1216148404 4.1216148404 4.1216148404 4.1216148404 4.1216148404 4.1216148404 4.1216148404 4.1216148404 4.1216148404 4.1216148404 4.1216148404 4.1216148404 4.1216148404 4.1216148404 4.1216148404 4.1216148404 4.1216148404 4.1216148404 4.1216148404 4.1216148404 4.1216148404 4.1216148404 4.1216148404 4.1216148404 4.1216148404 4.1216148404 4.1216148404 4.1216148404 4.1216148404 4.1216148404 4.1216148404 4.1216148404 4.1216148404 4.1216148404 4.1216148404 4.1216148404 4.1216148404 4.1216148404 4.1216148404 4.1216148404 4.1216148404 4.1216148404 4.1216148404 4.1216148404 4.1216148404 4.1216148404 4.1216148404 4.1216148404 4.1216148404 4.1216148404 4.1216148404 4.1216148404 4.1216148404 4.1216148404 4.1216148404 4.1216148404 4.1216148404 4.1216148404 4.1216148404 4.1216148404 4.1216148404 4.1216148404 4.1216148404 4.1216148404 4.1216148404 4.1216148404 4.1216148404 4.1216148404 4.1216148404 4.1216148404 4.1216148404 4.1216148404 4.1216148404 4.1216148404 4.1216148404 4.1216148404 4.1216148404 4.1216148404 4.1216148404 4.1216148404 4.1216148404 4.1216148404 4.1216148404 4.1216148404 4.1216148404 4.1216148404 4.1216148404 4.1216148404 4.1216148404 4.1216148404 4.1216148404 4.1216148404 4.1216148404 4.1216148404 4.1216148404 4.1216148404 4.1216148404 4.1216148404 4.1216148404 4.1216148404 4.1216148404 4.1216148404 4.1216148404 4.1216148404 4.1216148404 4.1216148404 4.1216148404 4.1216148404 4.1216148404 4.1216148404 4.1216148404 4.1216148404 4.1216148404 4.1216148404 4.1216148404 4.1216148404 4.1216148404 4.1216148404 4.1216148404 4.1216148404 4.1216148404 4.1216148404 4.0559338492 4.0559338492 4.0559338492 4.0559338492 4.0559338492 4.0559338492 4.0559338492 4.0559338492 4.0559338492 4.0559338492 4.0559338492 4.0559338492 4.0559338492 4.0559338492 4.0559338492 4.0559338492 4.0559338492 4.0559338492 4.0559338492 4.0559338492 4.0559338492 4.0559338492 4.0559338492 4.0559338492 4.0559338492 4.0559338492 4.0559338492 4.0559338492 4.0559338492 4.0559338492 4.0559338492 4.0559338492 4.0559338492 4.0559338492 4.0559338492 4.0559338492 4.0559338492 4.0559338492 4.0559338492 4.0559338492 4.0559338492 4.0559338492 4.0559338492 4.0559338492 4.0559338492 4.0559338492 4.0559338492 4.0559338492 4.0559338492 4.0559338492 4.0559338492 4.0559338492 4.0559338492 4.0559338492 4.0559338492 4.0559338492 4.0559338492 4.0559338492 4.0559338492 4.0559338492 4.0559338492 4.0559338492 4.0559338492 4.0559338492 4.0559338492 4.0559338492 4.0559338492 4.0559338492 4.0559338492 4.0559338492 4.0559338492 4.0559338492 4.0559338492 4.0559338492 4.0559338492 4.0559338492 4.0559338492 4.0559338492 4.0559338492 4.0559338492 4.0559338492 4.0559338492 4.0559338492 4.0559338492 4.0559338492 4.0559338492 4.0559338492 4.0559338492 4.0559338492 4.0559338492 4.0559338492 4.0559338492 4.0559338492 4.0559338492 4.0559338492 4.0559338492 4.0559338492 4.0559338492 4.0559338492 4.0559338492 4.0559338492 4.0559338492 4.0559338492 4.0559338492 4.0559338492 4.0559338492 4.0559338492 4.0559338492 4.0559338492 4.0559338492 4.0559338492 4.0559338492 4.0559338492 4.0559338492 4.0559338492 4.0559338492 4.0559338492 4.0559338492 4.0559338492 4.0559338492 4.0559338492 4.0559338492 4.0559338492 4.0559338492 4.0559338492 4.0559338492 3.9902528579 3.9902528579 3.9902528579 3.9902528579 3.9902528579 3.9902528579 3.9902528579 3.9902528579 3.9902528579 3.9902528579 3.9902528579 3.9902528579 3.9902528579 3.9902528579 3.9902528579 3.9902528579 3.9902528579 3.9902528579 3.9902528579 3.9902528579 3.9902528579 3.9902528579 3.9902528579 3.9902528579 3.9902528579 3.9902528579 3.9902528579 3.9902528579 3.9902528579 3.9902528579 3.9902528579 3.9902528579 3.9902528579 3.9902528579 3.9902528579 3.9902528579 3.9902528579 3.9902528579 3.9902528579 3.9902528579 3.9902528579 3.9902528579 3.9902528579 3.9902528579 3.9902528579 3.9902528579 3.9902528579 3.9902528579 3.9902528579 3.9902528579 3.9902528579 3.9902528579 3.9902528579 3.9902528579 3.9902528579 3.9902528579 3.9902528579 3.9902528579 3.9902528579 3.9902528579 3.9902528579 3.9902528579 3.9902528579 3.9902528579 3.9902528579 3.9902528579 3.9902528579 3.9902528579 3.9902528579 3.9902528579 3.9902528579 3.9902528579 3.9902528579 3.9902528579 3.9902528579 3.9902528579 3.9902528579 3.9902528579 3.9902528579 3.9902528579 3.9902528579 3.9902528579 3.9902528579 3.9902528579 3.9902528579 3.9902528579 3.9902528579 3.9902528579 3.9902528579 3.9902528579 3.9902528579 3.9902528579 3.9902528579 3.9902528579 3.9902528579 3.9902528579 3.9902528579 3.9902528579 3.9902528579 3.9902528579 3.9902528579 3.9902528579 3.9902528579 3.9902528579 3.9902528579 3.9902528579 3.9902528579 3.9902528579 3.9902528579 3.9902528579 3.9902528579 3.9902528579 3.9902528579 3.9902528579 3.9902528579 3.9902528579 3.9902528579 3.9902528579 3.930813309 3.930813309 3.930813309 3.930813309 3.930813309 3.930813309 3.930813309 3.930813309 3.930813309 3.930813309 3.930813309 3.930813309 3.930813309 3.930813309 3.930813309 3.930813309 3.930813309 3.930813309 3.930813309 3.930813309 3.930813309 3.930813309 3.930813309 3.930813309 3.930813309 3.930813309 3.930813309 3.930813309 3.930813309 3.930813309 3.930813309 3.930813309 3.930813309 3.930813309 3.930813309 3.930813309 3.930813309 3.930813309 3.930813309 3.930813309 3.930813309 3.930813309 3.930813309 3.930813309 3.930813309 3.930813309 3.930813309 3.930813309 3.930813309 3.930813309 3.930813309 3.930813309 3.930813309 3.930813309 3.930813309 3.930813309 3.930813309 3.930813309 3.930813309 3.930813309 3.930813309 3.930813309 3.930813309 3.930813309 3.930813309 3.930813309 3.930813309 3.930813309 3.930813309 3.930813309 3.930813309 3.930813309 3.930813309 3.930813309 3.930813309 3.930813309 3.930813309 3.930813309 3.930813309 3.930813309 3.930813309 3.930813309 3.930813309 3.930813309 3.930813309 3.930813309 3.930813309 3.930813309 3.930813309 3.930813309 3.930813309 3.930813309 3.930813309 3.930813309 3.930813309 3.930813309 3.930813309 3.930813309 3.930813309 3.930813309 3.930813309 3.930813309 3.930813309 3.930813309 3.930813309 3.930813309 3.930813309 3.930813309 3.930813309 3.930813309 3.930813309 3.930813309 3.930813309 3.930813309 3.930813309 3.930813309 3.930813309 3.8510161491 3.8510161491 3.8510161491 3.8510161491 3.8510161491 3.8510161491 3.8510161491 3.8510161491 3.8510161491 3.8510161491 3.8510161491 3.8510161491 3.8510161491 3.8510161491 3.8510161491 3.8510161491 3.8510161491 3.8510161491 3.8510161491 3.8510161491 3.8510161491 3.8510161491 3.8510161491 3.8510161491 3.8510161491 3.8510161491 3.8510161491 3.8510161491 3.8510161491 3.8510161491 3.8510161491 3.8510161491 3.8510161491 3.8510161491 3.8510161491 3.8510161491 3.8510161491 3.8510161491 3.8510161491 3.8510161491 3.8510161491 3.8510161491 3.8510161491 3.8510161491 3.8510161491 3.8510161491 3.8510161491 3.8510161491 3.8510161491 3.8510161491 3.8510161491 3.8510161491 3.8510161491 3.8510161491 3.8510161491 3.8510161491 3.8510161491 3.8510161491 3.8510161491 3.8510161491 3.8510161491 3.8510161491 3.8510161491 3.8510161491 3.8510161491 3.8510161491 3.8510161491 3.8510161491 3.8510161491 3.8510161491 3.8510161491 3.8510161491 3.8510161491 3.8510161491 3.8510161491 3.8510161491 3.8510161491 3.8510161491 3.8510161491 3.8510161491 3.8510161491 3.8510161491 3.8510161491 3.8510161491 3.8510161491 3.8510161491 3.8510161491 3.8510161491 3.8510161491 3.8510161491 3.8510161491 3.8510161491 3.8510161491 3.8510161491 3.8510161491 3.8510161491 3.8510161491 3.8510161491 3.8510161491 3.8510161491 3.8510161491 3.8510161491 3.8510161491 3.8510161491 3.8510161491 3.8510161491 3.8510161491 3.8510161491 3.8510161491 3.8510161491 3.8510161491 3.8510161491 3.8510161491 3.8510161491 3.8510161491 3.8510161491 3.8510161491 3.8510161491 3.8510161491 3.8510161491 3.8510161491 3.8510161491 3.8510161491 3.8510161491 3.8510161491 3.8510161491 3.8510161491 3.8510161491 3.8510161491 3.8510161491 3.8510161491 3.8510161491 3.8510161491 3.8510161491 3.8510161491 3.8510161491 3.8510161491 3.8510161491 3.8510161491 3.8510161491 3.8510161491 3.8510161491 3.8510161491 3.8510161491 3.8510161491 3.8510161491 3.8510161491 3.8510161491 3.8510161491 3.8510161491 3.8510161491 3.8510161491 3.8510161491 3.8510161491 3.8510161491 3.8510161491 3.8510161491 3.8510161491 3.8510161491 3.8510161491 3.8510161491 3.8510161491 3.8510161491 3.8510161491 3.7948402447 3.7948402447 3.7948402447 3.7948402447 3.7948402447 3.7948402447 3.7948402447 3.7948402447 3.7948402447 3.7948402447 3.7948402447 3.7948402447 3.7948402447 3.7948402447 3.7948402447 3.7948402447 3.7948402447 3.7948402447 3.7948402447 3.7948402447 3.7948402447 3.7948402447 3.7948402447 3.7948402447 3.7948402447 3.7948402447 3.7948402447 3.7948402447 3.7948402447 3.7948402447 3.7948402447 3.7948402447 3.7948402447 3.7948402447 3.7948402447 3.7948402447 3.7948402447 3.7948402447 3.7948402447 3.7948402447 3.7948402447 3.7948402447 3.7948402447 3.7948402447 3.7948402447 3.7948402447 3.7948402447 3.7948402447 3.7948402447 3.7948402447 3.7948402447 3.7948402447 3.7948402447 3.7948402447 3.7948402447 3.7948402447 3.7948402447 3.7948402447 3.7948402447 3.7948402447 3.7948402447 3.7948402447 3.7948402447 3.7948402447 3.7948402447 3.7948402447 3.7948402447 3.7948402447 3.7948402447 3.7948402447 3.7948402447 3.7948402447 3.7948402447 3.7948402447 3.7948402447 3.7948402447 3.7948402447 3.7948402447 3.7948402447 3.7948402447 3.7948402447 3.7948402447 3.7948402447 3.7948402447 3.7948402447 3.7948402447 3.7356865424 3.7356865424 3.7356865424 3.7356865424 3.7356865424 3.7356865424 3.7356865424 3.7356865424 3.7356865424 3.7356865424 3.7356865424 3.7356865424 3.7356865424 3.7356865424 3.7356865424 3.7356865424 3.7356865424 3.7356865424 3.7356865424 3.7356865424 3.7356865424 3.7356865424 3.7356865424 3.7356865424 3.7356865424 3.7356865424 3.7356865424 3.7356865424 3.7356865424 3.7356865424 3.7356865424 3.7356865424 3.7356865424 3.7356865424 3.7356865424 3.7356865424 3.7356865424 3.7356865424 3.7356865424 3.7356865424 3.7356865424 3.7356865424 3.7356865424 3.7356865424 3.7356865424 3.7356865424 3.7356865424 3.7356865424 3.7356865424 3.7356865424 3.7356865424 3.7356865424 3.7356865424 3.7356865424 3.7356865424 3.7356865424 3.7356865424 3.7356865424 3.7356865424 3.7356865424 3.7356865424 3.7356865424 3.7356865424 3.7356865424 3.7356865424 3.7356865424 3.7356865424 3.7356865424 3.7356865424 3.7356865424 3.7356865424 3.7356865424 3.7356865424 3.7356865424 3.7356865424 3.7356865424 3.7356865424 3.7356865424 3.7356865424 3.7356865424 3.7356865424 3.7356865424 3.7356865424 3.7356865424 3.7356865424 3.7356865424 3.7356865424 3.7356865424 3.7356865424 3.7356865424 3.7356865424 3.7356865424 3.7356865424 3.7356865424 3.7356865424 3.7356865424 3.7356865424 3.7356865424 3.6765328402 3.6765328402 3.6765328402 3.6765328402 3.6765328402 3.6765328402 3.6765328402 3.6765328402 3.6765328402 3.6765328402 3.6765328402 3.6765328402 3.6765328402 3.6765328402 3.6765328402 3.6765328402 3.6765328402 3.6765328402 3.6765328402 3.6765328402 3.6765328402 3.6765328402 3.6765328402 3.6765328402 3.6765328402 3.6765328402 3.6765328402 3.6765328402 3.6765328402 3.6765328402 3.6765328402 3.6765328402 3.6765328402 3.6765328402 3.6765328402 3.6765328402 3.6765328402 3.6765328402 3.6765328402 3.6765328402 3.6765328402 3.6765328402 3.6279015766 3.6279015766 3.6279015766 3.6279015766 3.6279015766 3.6279015766 3.6279015766 3.6279015766 3.6279015766 3.6279015766 3.6279015766 3.6279015766 3.6279015766 3.6279015766 3.6279015766 3.6279015766 3.6279015766 3.6279015766 3.6279015766 3.6279015766 3.579270313 3.579270313 3.579270313 3.579270313 3.579270313 3.579270313 mm
uv:Tf/Scatterer1/L13/Values  =  2151 0.0079054739 0.0079054739 0.0079054739 0.0079054739 0.0079054739 0.0079054739 0.0079054739 0.0079054739 0.0079054739 0.0079054739 0.0079054739 0.0079054739 0.0079054739 0.0079054739 0.0079054739 0.0079054739 0.0079054739 0.0079054739 0.0079054739 0.0079054739 0.0079054739 0.0079054739 0.0079054739 0.0079054739 0.0079054739 0.0079054739 0.0079054739 0.0079054739 0.0079054739 0.0079054739 0.0079054739 0.0079054739 0.0079054739 0.0079054739 0.0079054739 0.0079054739 0.0079054739 0.0079054739 0.0079054739 0.0079054739 0.0079054739 0.0079054739 0.0079054739 0.0079054739 0.0079054739 0.0079054739 0.0079054739 0.0079054739 0.0079054739 0.0079054739 0.0079054739 0.0079054739 0.0079054739 0.0079054739 0.0079054739 0.0079054739 0.0079054739 0.0079054739 0.0079054739 0.0079054739 0.0079054739 0.0079054739 0.0079054739 0.0079054739 0.0079054739 0.0079054739 0.0079054739 0.0079054739 0.0079054739 0.0079054739 0.0079054739 0.0079054739 0.0079054739 0.0079054739 0.0079054739 0.0079054739 0.0079054739 0.0079054739 0.0079054739 0.0079054739 0.0079054739 0.0079054739 0.0079054739 0.0079054739 0.0079054739 0.0079054739 0.0079054739 0.0079054739 0.0079054739 0.0079054739 0.0079054739 0.0079054739 0.0079054739 0.0079054739 0.0079054739 0.0079054739 0.0079054739 0.0079054739 0.0079054739 0.0079054739 0.0079054739 0.0079054739 0.0079054739 0.0079054739 0.0079054739 0.0079054739 0.0079054739 0.0079054739 0.0079054739 0.0079054739 0.0079054739 0.0079054739 0.0079054739 0.0079054739 0.0079054739 0.0079054739 0.0079054739 0.0079054739 0.0079054739 0.0079054739 0.0079054739 0.0079054739 0.0079054739 0.0079054739 0.0079054739 0.0079054739 0.0079054739 0.0079054739 0.0079054739 0.0079054739 0.0079054739 0.0079054739 0.0079054739 0.0079054739 0.0079054739 0.0079054739 0.0079054739 0.0079054739 0.0079054739 0.0079054739 0.0079054739 0.0079054739 0.0079054739 0.0079054739 0.0079054739 0.0079054739 0.0079054739 0.0079054739 0.0079054739 0.0079054739 0.0079054739 0.0079054739 0.0079054739 0.0079054739 0.0079054739 0.0079054739 0.0079200381 0.0079200381 0.0079200381 0.0079200381 0.0079200381 0.0079200381 0.0079200381 0.0079200381 0.0079200381 0.0079200381 0.0079200381 0.0079200381 0.0079200381 0.0079200381 0.0079200381 0.0079200381 0.0079200381 0.0079200381 0.0079200381 0.0079200381 0.0079200381 0.0079200381 0.0079200381 0.0079200381 0.0079200381 0.0079200381 0.0079200381 0.0079200381 0.0079200381 0.0079200381 0.0079200381 0.0079200381 0.0079200381 0.0079200381 0.0079200381 0.0079200381 0.0079200381 0.0079200381 0.0079200381 0.0079200381 0.0079200381 0.0079200381 0.0079054739 0.0079054739 0.0079054739 0.0079054739 0.0079054739 0.0079054739 0.0079054739 0.0079054739 0.0079054739 0.0079054739 0.0079054739 0.0079054739 0.0079054739 0.0079054739 0.0079054739 0.0079054739 0.0079054739 0.0079054739 0.0079054739 0.0079054739 0.0079054739 0.0079054739 0.0079054739 0.0079054739 0.0079054739 0.0079054739 0.0079054739 0.0079054739 0.0079054739 0.0079054739 0.0079054739 0.0079054739 0.0079054739 0.0079054739 0.0079054739 0.0079054739 0.0079054739 0.0079054739 0.0079054739 0.0079054739 0.0079054739 0.0079054739 0.0079054739 0.0079054739 0.0079054739 0.0079054739 0.0079054739 0.0079054739 0.0079054739 0.0079054739 0.0079054739 0.0079054739 0.0079054739 0.0079054739 0.0079054739 0.0079054739 0.0079054739 0.0079054739 0.0079054739 0.0079054739 0.0079054739 0.0079054739 0.0079054739 0.0079054739 0.0079054739 0.0079054739 0.0079054739 0.0079054739 0.0079054739 0.0079054739 0.0079054739 0.0079054739 0.0079054739 0.0079054739 0.0079054739 0.0079054739 0.0079054739 0.0079054739 0.0079054739 0.0079054739 0.0079054739 0.0079054739 0.0079054739 0.0079054739 0.0079054739 0.0079054739 0.0079054739 0.0079054739 0.0079054739 0.0079054739 0.0079054739 0.0079054739 0.0079054739 0.0079054739 0.0079054739 0.0079054739 0.0079054739 0.0079054739 0.0079054739 0.0079054739 0.0079054739 0.0079054739 0.0079054739 0.0079054739 0.0077024574 0.0077024574 0.0077024574 0.0077024574 0.0077024574 0.0077024574 0.0077024574 0.0077024574 0.0077024574 0.0077024574 0.0077024574 0.0077024574 0.0077024574 0.0077024574 0.0077024574 0.0077024574 0.0077024574 0.0077024574 0.0077024574 0.0077024574 0.0077024574 0.0077024574 0.0077024574 0.0077024574 0.0077024574 0.0077024574 0.0077024574 0.0077024574 0.0077024574 0.0077024574 0.0077024574 0.0077024574 0.0077024574 0.0077024574 0.0077024574 0.0077024574 0.0077024574 0.0077024574 0.0077024574 0.0077024574 0.0077024574 0.0077024574 0.0077024574 0.0077024574 0.0077024574 0.0077024574 0.0077024574 0.0077024574 0.0077024574 0.0077024574 0.0077024574 0.0077024574 0.0077024574 0.0077024574 0.0077024574 0.0077024574 0.0077024574 0.0077024574 0.0077024574 0.0077024574 0.0077024574 0.0077024574 0.0077024574 0.0077024574 0.0073979328 0.0073979328 0.0073979328 0.0073979328 0.0073979328 0.0073979328 0.0073979328 0.0073979328 0.0073979328 0.0073979328 0.0073979328 0.0073979328 0.0073979328 0.0073979328 0.0073979328 0.0073979328 0.0073979328 0.0073979328 0.0073979328 0.0073979328 0.0073979328 0.0073979328 0.0073979328 0.0073979328 0.0073979328 0.0073979328 0.0073979328 0.0073979328 0.0073979328 0.0073979328 0.0073979328 0.0073979328 0.0073979328 0.0073979328 0.0073979328 0.0073979328 0.0073979328 0.0073979328 0.0073979328 0.0073979328 0.0073979328 0.0073979328 0.0073979328 0.0073979328 0.0073979328 0.0073979328 0.0073979328 0.0073979328 0.0073979328 0.0073979328 0.0073979328 0.0073979328 0.0073979328 0.0073979328 0.0073979328 0.0073979328 0.0073979328 0.0073979328 0.0073979328 0.0073979328 0.0073979328 0.0073979328 0.0073979328 0.0073979328 0.0073979328 0.0073979328 0.0073979328 0.0073979328 0.0073979328 0.0073979328 0.0073979328 0.0073979328 0.0073979328 0.0073979328 0.0073979328 0.0073979328 0.0073979328 0.0073979328 0.0073979328 0.0073979328 0.0073979328 0.0073979328 0.0073979328 0.0073979328 0.0073979328 0.0073979328 0.0073979328 0.0073979328 0.0073979328 0.0073979328 0.0073979328 0.0073979328 0.0073979328 0.0073979328 0.0073979328 0.0073979328 0.0073979328 0.0073979328 0.0073979328 0.0073979328 0.0073979328 0.0073979328 0.0073979328 0.0073979328 0.0073979328 0.0073979328 0.0073979328 0.0073979328 0.0073979328 0.0073979328 0.0073979328 0.0073979328 0.0073979328 0.0073979328 0.0073979328 0.0073979328 0.0073979328 0.0073979328 0.0073979328 0.0073979328 0.0073979328 0.0073979328 0.0073979328 0.0073979328 0.0073979328 0.0073979328 0.0073979328 0.0073979328 0.0073979328 0.0073979328 0.0073979328 0.0073979328 0.0073979328 0.0073979328 0.0073979328 0.0073979328 0.0073979328 0.0073979328 0.0073979328 0.0073979328 0.0073979328 0.0073979328 0.0073979328 0.0073979328 0.0073979328 0.0073979328 0.0073979328 0.0073979328 0.0073979328 0.0073979328 0.0073979328 0.0073979328 0.0073979328 0.0073979328 0.0073979328 0.0073979328 0.0073979328 0.0073979328 0.0073979328 0.0071828305 0.0071828305 0.0071828305 0.0071828305 0.0071828305 0.0071828305 0.0071828305 0.0071828305 0.0071828305 0.0071828305 0.0071828305 0.0071828305 0.0071828305 0.0071828305 0.0071828305 0.0071828305 0.0071828305 0.0071828305 0.0071828305 0.0071828305 0.0071828305 0.0071828305 0.0071828305 0.0071828305 0.0071828305 0.0071828305 0.0071828305 0.0071828305 0.0071828305 0.0071828305 0.0071828305 0.0071828305 0.0071828305 0.0071828305 0.0071828305 0.0071828305 0.0071828305 0.0071828305 0.0071828305 0.0071828305 0.0071828305 0.0071828305 0.0071828305 0.0071828305 0.0071828305 0.0071828305 0.0071828305 0.0071828305 0.0071828305 0.0071828305 0.0071828305 0.0071828305 0.0071828305 0.0071828305 0.0071828305 0.0071828305 0.0071828305 0.0071828305 0.0071828305 0.0071828305 0.0071828305 0.0071828305 0.0071828305 0.0071828305 0.0071828305 0.0071828305 0.0071828305 0.0071828305 0.0071828305 0.0071828305 0.0071828305 0.0071828305 0.0071828305 0.0071828305 0.0071828305 0.0071828305 0.0071828305 0.0071828305 0.0071828305 0.0071828305 0.0071828305 0.0071828305 0.0071828305 0.0071828305 0.0071828305 0.0071828305 0.0071828305 0.0071828305 0.0071828305 0.0071828305 0.0071828305 0.0071828305 0.0071828305 0.0071828305 0.0071828305 0.0071828305 0.0071828305 0.0071828305 0.0071828305 0.0071828305 0.0071828305 0.0071828305 0.0071828305 0.0071828305 0.0071828305 0.0071828305 0.0071828305 0.0071828305 0.0071828305 0.0071828305 0.0071828305 0.0071828305 0.0071828305 0.0071828305 0.0071828305 0.0071828305 0.0071828305 0.0071828305 0.0071828305 0.0071828305 0.0071828305 0.0071828305 0.0071828305 0.0071828305 0.0071828305 0.0071828305 0.0071828305 0.0071828305 0.0071828305 0.0071828305 0.0071828305 0.0071828305 0.0071828305 0.0071828305 0.0071828305 0.0071828305 0.0071828305 0.0071828305 0.0071828305 0.0071828305 0.0071828305 0.0071828305 0.0071828305 0.0071828305 0.0071828305 0.0071828305 0.0071828305 0.0071828305 0.0071828305 0.0071828305 0.007039429 0.007039429 0.007039429 0.007039429 0.007039429 0.007039429 0.007039429 0.007039429 0.007039429 0.007039429 0.007039429 0.007039429 0.007039429 0.007039429 0.007039429 0.007039429 0.007039429 0.007039429 0.007039429 0.007039429 0.007039429 0.007039429 0.007039429 0.007039429 0.007039429 0.007039429 0.007039429 0.007039429 0.007039429 0.007039429 0.007039429 0.007039429 0.007039429 0.007039429 0.007039429 0.007039429 0.007039429 0.007039429 0.007039429 0.007039429 0.007039429 0.007039429 0.007039429 0.007039429 0.007039429 0.007039429 0.007039429 0.007039429 0.007039429 0.007039429 0.007039429 0.007039429 0.007039429 0.007039429 0.007039429 0.007039429 0.007039429 0.007039429 0.007039429 0.007039429 0.007039429 0.007039429 0.007039429 0.007039429 0.007039429 0.007039429 0.007039429 0.007039429 0.007039429 0.007039429 0.007039429 0.007039429 0.007039429 0.007039429 0.007039429 0.007039429 0.007039429 0.007039429 0.007039429 0.007039429 0.007039429 0.007039429 0.007039429 0.007039429 0.007039429 0.007039429 0.007039429 0.007039429 0.007039429 0.007039429 0.007039429 0.007039429 0.007039429 0.007039429 0.007039429 0.007039429 0.007039429 0.007039429 0.007039429 0.007039429 0.007039429 0.007039429 0.007039429 0.007039429 0.007039429 0.007039429 0.007039429 0.007039429 0.007039429 0.007039429 0.007039429 0.007039429 0.007039429 0.007039429 0.007039429 0.007039429 0.007039429 0.007039429 0.007039429 0.007039429 0.0068006755 0.0068006755 0.0068006755 0.0068006755 0.0068006755 0.0068006755 0.0068006755 0.0068006755 0.0068006755 0.0068006755 0.0068006755 0.0068006755 0.0068006755 0.0068006755 0.0068006755 0.0068006755 0.0068006755 0.0068006755 0.0068006755 0.0068006755 0.0068006755 0.0068006755 0.0068006755 0.0068006755 0.0068006755 0.0068006755 0.0068006755 0.0068006755 0.0068006755 0.0068006755 0.0068006755 0.0068006755 0.0068006755 0.0068006755 0.0068006755 0.0068006755 0.0068006755 0.0068006755 0.0068006755 0.0068006755 0.0068006755 0.0068006755 0.0068006755 0.0068006755 0.0068006755 0.0068006755 0.0068006755 0.0068006755 0.0068006755 0.0068006755 0.0068006755 0.0068006755 0.0068006755 0.0068006755 0.0068006755 0.0068006755 0.0068006755 0.0068006755 0.0068006755 0.0068006755 0.0068006755 0.0068006755 0.0068006755 0.0068006755 0.0068006755 0.0068006755 0.0068006755 0.0068006755 0.0068006755 0.0068006755 0.0068006755 0.0068006755 0.0068006755 0.0068006755 0.0068006755 0.0068006755 0.0068006755 0.0068006755 0.0068006755 0.0068006755 0.0068006755 0.0068006755 0.0068006755 0.0068006755 0.0068006755 0.0066415065 0.0066415065 0.0066415065 0.0066415065 0.0066415065 0.0066415065 0.0066415065 0.0066415065 0.0066415065 0.0066415065 0.0066415065 0.0066415065 0.0066415065 0.0066415065 0.0066415065 0.0066415065 0.0066415065 0.0066415065 0.0066415065 0.0066415065 0.0066415065 0.0066415065 0.0066415065 0.0066415065 0.0066415065 0.0066415065 0.0066415065 0.0066415065 0.0066415065 0.0066415065 0.0066415065 0.0066415065 0.0066415065 0.0066415065 0.0066415065 0.0066415065 0.0066415065 0.0066415065 0.0066415065 0.0066415065 0.0066415065 0.0066415065 0.0066415065 0.0066415065 0.0066415065 0.0066415065 0.0066415065 0.0066415065 0.0066415065 0.0066415065 0.0066415065 0.0066415065 0.0066415065 0.0066415065 0.0066415065 0.0066415065 0.0066415065 0.0066415065 0.0066415065 0.0066415065 0.0066415065 0.0066415065 0.0066415065 0.0066415065 0.0066415065 0.0066415065 0.0066415065 0.0066415065 0.0066415065 0.0066415065 0.0066415065 0.0066415065 0.0066415065 0.0066415065 0.0066415065 0.0066415065 0.0066415065 0.0066415065 0.0066415065 0.0066415065 0.0066415065 0.0066415065 0.0066415065 0.0066415065 0.0066415065 0.0066415065 0.0066415065 0.0066415065 0.0066415065 0.0066415065 0.0066415065 0.0066415065 0.0066415065 0.0066415065 0.0066415065 0.0066415065 0.0066415065 0.0066415065 0.0066415065 0.0066415065 0.0066415065 0.0066415065 0.0066415065 0.0066415065 0.0066415065 0.0065093537 0.0065093537 0.0065093537 0.0065093537 0.0065093537 0.0065093537 0.0065093537 0.0065093537 0.0065093537 0.0065093537 0.0065093537 0.0065093537 0.0065093537 0.0065093537 0.0065093537 0.0065093537 0.0065093537 0.0065093537 0.0065093537 0.0065093537 0.0065093537 0.0065093537 0.0065093537 0.0065093537 0.0065093537 0.0065093537 0.0065093537 0.0065093537 0.0065093537 0.0065093537 0.0065093537 0.0065093537 0.0065093537 0.0065093537 0.0065093537 0.0065093537 0.0065093537 0.0065093537 0.0065093537 0.0065093537 0.0065093537 0.0065093537 0.0065093537 0.0065093537 0.0065093537 0.0065093537 0.0065093537 0.0065093537 0.0065093537 0.0065093537 0.0065093537 0.0065093537 0.0065093537 0.0065093537 0.0065093537 0.0065093537 0.0065093537 0.0065093537 0.0065093537 0.0065093537 0.0065093537 0.0065093537 0.0065093537 0.0065093537 0.0065093537 0.0065093537 0.0065093537 0.0065093537 0.0065093537 0.0065093537 0.0065093537 0.0065093537 0.0065093537 0.0065093537 0.0065093537 0.0065093537 0.0065093537 0.0065093537 0.0065093537 0.0065093537 0.0065093537 0.0065093537 0.0065093537 0.0065093537 0.0065093537 0.0065093537 0.0065093537 0.0065093537 0.0065093537 0.0065093537 0.0065093537 0.0065093537 0.0065093537 0.0065093537 0.0065093537 0.0065093537 0.0065093537 0.0065093537 0.0065093537 0.0065093537 0.0065093537 0.0065093537 0.0065093537 0.0065093537 0.0065093537 0.0065093537 0.0065093537 0.0065093537 0.0065093537 0.0065093537 0.0065093537 0.0065093537 0.0065093537 0.0065093537 0.0065093537 0.0065093537 0.0065093537 0.0065093537 0.0065093537 0.0065093537 0.0065093537 0.0065093537 0.0065093537 0.0065093537 0.0065093537 0.0065093537 0.0065093537 0.0065093537 0.0065093537 0.0065093537 0.0065093537 0.0065093537 0.0065093537 0.0065093537 0.0065093537 0.0065093537 0.0065093537 0.0065093537 0.0065093537 0.0065093537 0.0065093537 0.0065093537 0.0063111245 0.0063111245 0.0063111245 0.0063111245 0.0063111245 0.0063111245 0.0063111245 0.0063111245 0.0063111245 0.0063111245 0.0063111245 0.0063111245 0.0063111245 0.0063111245 0.0063111245 0.0063111245 0.0063111245 0.0063111245 0.0063111245 0.0063111245 0.0063111245 0.0063111245 0.0063111245 0.0063111245 0.0063111245 0.0063111245 0.0063111245 0.0063111245 0.0063111245 0.0063111245 0.0063111245 0.0063111245 0.0063111245 0.0063111245 0.0063111245 0.0063111245 0.0063111245 0.0063111245 0.0063111245 0.0063111245 0.0063111245 0.0063111245 0.0063111245 0.0063111245 0.0063111245 0.0063111245 0.0063111245 0.0063111245 0.0063111245 0.0063111245 0.0063111245 0.0063111245 0.0063111245 0.0063111245 0.0063111245 0.0063111245 0.0063111245 0.0063111245 0.0063111245 0.0063111245 0.0063111245 0.0063111245 0.0063111245 0.0063111245 0.0063111245 0.0063111245 0.0063111245 0.0063111245 0.0063111245 0.0063111245 0.0063111245 0.0063111245 0.0063111245 0.0063111245 0.0063111245 0.0063111245 0.0063111245 0.0063111245 0.0063111245 0.0063111245 0.0063111245 0.0063111245 0.0063111245 0.0063111245 0.0063111245 0.0063111245 0.0063111245 0.0063111245 0.0063111245 0.0063111245 0.0063111245 0.0063111245 0.0063111245 0.0063111245 0.0063111245 0.0063111245 0.0063111245 0.0063111245 0.0063111245 0.0063111245 0.0063111245 0.0063111245 0.0063111245 0.0063111245 0.0063111245 0.0063111245 0.0063111245 0.0063111245 0.0063111245 0.0063111245 0.0063111245 0.0063111245 0.0063111245 0.0063111245 0.0063111245 0.0063111245 0.0063111245 0.0063111245 0.0063111245 0.0063111245 0.0063111245 0.0063111245 0.0063111245 0.0063111245 0.0063111245 0.0063111245 0.0063111245 0.0063111245 0.0063111245 0.0063111245 0.0063111245 0.0063111245 0.0063111245 0.0063111245 0.0063111245 0.0063111245 0.0063111245 0.0063111245 0.0063111245 0.0063111245 0.0063111245 0.0063111245 0.0063111245 0.0063111245 0.0063111245 0.0063111245 0.0063111245 0.0063111245 0.0063111245 0.0063111245 0.0063111245 0.0063111245 0.0063111245 0.0063111245 0.0063111245 0.0063111245 0.0063111245 0.0063111245 0.0063111245 0.0063111245 0.0063111245 0.0063111245 0.0063111245 0.0063111245 0.0063111245 0.0063111245 0.0063111245 0.0063111245 0.0063111245 0.0063111245 0.0063111245 0.0063111245 0.0063111245 0.0063111245 0.0063111245 0.0063111245 0.0063111245 0.0063111245 0.0063111245 0.0063111245 0.0063111245 0.0063111245 0.0063111245 0.0063111245 0.0063111245 0.0063111245 0.0063111245 0.0063111245 0.0063111245 0.0063111245 0.0063111245 0.0063111245 0.0063111245 0.0063111245 0.0063111245 0.0063111245 0.0063111245 0.0063111245 0.0063111245 0.0063111245 0.0063111245 0.0063111245 0.0063111245 0.0063111245 0.0063111245 0.0063111245 0.0063111245 0.0063111245 0.0063111245 0.0063111245 0.0063111245 0.0063111245 0.0063111245 0.0063111245 0.0063111245 0.0063111245 0.0063111245 0.0063111245 0.0063111245 0.0063111245 0.0063111245 0.0063111245 0.0063111245 0.0063111245 0.0063111245 0.0063111245 0.0063111245 0.0063111245 0.0063111245 0.0063111245 0.0063111245 0.0063111245 0.0063111245 0.0063111245 0.0063111245 0.0063111245 0.0063111245 0.0063111245 0.0063111245 0.0063111245 0.0063111245 0.0063111245 0.0063111245 0.0063111245 0.0063111245 0.0063111245 0.0063111245 0.0062465921 0.0062465921 0.0062465921 0.0062465921 0.0062465921 0.0062465921 0.0062465921 0.0062465921 0.0062465921 0.0062465921 0.0062465921 0.0062465921 0.0062465921 0.0062465921 0.0062465921 0.0062465921 0.0062465921 0.0062465921 0.0062465921 0.0062465921 0.0062465921 0.0062465921 0.0062465921 0.0062465921 0.0062465921 0.0062465921 0.0062465921 0.0062465921 0.0062465921 0.0062465921 0.0062465921 0.0062465921 0.0062465921 0.0062465921 0.0062465921 0.0062465921 0.0062465921 0.0062465921 0.0062465921 0.0062465921 0.0062465921 0.0062465921 0.0062465921 0.0062465921 0.0062465921 0.0062465921 0.0062465921 0.0062465921 0.0062465921 0.0062465921 0.0062465921 0.0062465921 0.0062465921 0.0062465921 0.0062465921 0.0062465921 0.0062465921 0.0062465921 0.0062465921 0.0062465921 0.0062465921 0.0062465921 0.0062465921 0.0062465921 0.0062465921 0.0062465921 0.0062465921 0.0062465921 0.0062465921 0.0062465921 0.0062465921 0.0062465921 0.0062465921 0.0062465921 0.0062465921 0.0062465921 0.0062465921 0.0062465921 0.0062465921 0.0062465921 0.0062465921 0.0062465921 0.0062465921 0.0062465921 0.0062465921 0.0062465921 0.0062465921 0.0062465921 0.0062465921 0.0062465921 0.0062465921 0.0062465921 0.0062465921 0.0062465921 0.0062465921 0.0062465921 0.0062465921 0.0062465921 0.0062465921 0.0062465921 0.0062465921 0.0062465921 0.0062465921 0.0062465921 0.0062465921 0.0062465921 0.0062465921 0.0062465921 0.0062465921 0.0062465921 0.0062465921 0.0062465921 0.0062465921 0.0062465921 0.0062465921 0.0062465921 0.0062465921 0.0062465921 0.0062465921 0.0062465921 0.0062465921 0.0062465921 0.0062465921 0.0062465921 0.0062465921 0.0062465921 0.0061820598 0.0061820598 0.0061820598 0.0061820598 0.0061820598 0.0061820598 0.0061820598 0.0061820598 0.0061820598 0.0061820598 0.0061820598 0.0061820598 0.0061820598 0.0061820598 0.0061820598 0.0061820598 0.0061820598 0.0061820598 0.0061820598 0.0061820598 0.0061820598 0.0061820598 0.0061820598 0.0061820598 0.0061820598 0.0061820598 0.0061820598 0.0061820598 0.0061820598 0.0061820598 0.0061820598 0.0061820598 0.0061820598 0.0061820598 0.0061820598 0.0061820598 0.0061820598 0.0061820598 0.0061820598 0.0061820598 0.0061820598 0.0061820598 0.0061820598 0.0061820598 0.0061820598 0.0061820598 0.0061820598 0.0061820598 0.0061820598 0.0061820598 0.0061820598 0.0061820598 0.0061820598 0.0061820598 0.0061820598 0.0061820598 0.0061820598 0.0061820598 0.0061820598 0.0061820598 0.0061820598 0.0061820598 0.0061820598 0.0061820598 0.0061820598 0.0061820598 0.0061820598 0.0061820598 0.0061820598 0.0061820598 0.0061820598 0.0061820598 0.0061820598 0.0061820598 0.0061820598 0.0061820598 0.0061820598 0.0061820598 0.0061820598 0.0061820598 0.0061820598 0.0061820598 0.0061820598 0.0061820598 0.0061820598 0.0061820598 0.0061820598 0.0061820598 0.0061820598 0.0061820598 0.0061820598 0.0061820598 0.0061820598 0.0061820598 0.0061820598 0.0061820598 0.0061820598 0.0061820598 0.0061820598 0.0061820598 0.0061820598 0.0061820598 0.0061820598 0.0061820598 0.0061820598 0.0061820598 0.0061820598 0.0061820598 0.0061820598 0.0061820598 0.0061820598 0.0061820598 0.0061820598 0.0061820598 0.0061820598 0.0061820598 0.0061820598 0.0061820598 0.0061002614 0.0061002614 0.0061002614 0.0061002614 0.0061002614 0.0061002614 0.0061002614 0.0061002614 0.0061002614 0.0061002614 0.0061002614 0.0061002614 0.0061002614 0.0061002614 0.0061002614 0.0061002614 0.0061002614 0.0061002614 0.0061002614 0.0061002614 0.0061002614 0.0061002614 0.0061002614 0.0061002614 0.0061002614 0.0061002614 0.0061002614 0.0061002614 0.0061002614 0.0061002614 0.0061002614 0.0061002614 0.0061002614 0.0061002614 0.0061002614 0.0061002614 0.0061002614 0.0061002614 0.0061002614 0.0061002614 0.0061002614 0.0061002614 0.0061002614 0.0061002614 0.0061002614 0.0061002614 0.0061002614 0.0061002614 0.0061002614 0.0061002614 0.0061002614 0.0061002614 0.0061002614 0.0061002614 0.0061002614 0.0061002614 0.0061002614 0.0061002614 0.0061002614 0.0061002614 0.0061002614 0.0061002614 0.0061002614 0.0061002614 0.0061002614 0.0061002614 0.0061002614 0.0061002614 0.0061002614 0.0061002614 0.0061002614 0.0061002614 0.0061002614 0.0061002614 0.0061002614 0.0061002614 0.0061002614 0.0061002614 0.0061002614 0.0061002614 0.0061002614 0.0061002614 0.0061002614 0.0061002614 0.0061002614 0.0061002614 0.0061002614 0.0061002614 0.0061002614 0.0061002614 0.0061002614 0.0061002614 0.0061002614 0.0061002614 0.0061002614 0.0061002614 0.0061002614 0.0061002614 0.0061002614 0.0061002614 0.0061002614 0.0061002614 0.0061002614 0.0061002614 0.0061002614 0.0061002614 0.0061002614 0.0061002614 0.0061002614 0.0061002614 0.0061002614 0.0061002614 0.0061002614 0.0061002614 0.0061002614 0.0061002614 0.0061002614 0.0059516651 0.0059516651 0.0059516651 0.0059516651 0.0059516651 0.0059516651 0.0059516651 0.0059516651 0.0059516651 0.0059516651 0.0059516651 0.0059516651 0.0059516651 0.0059516651 0.0059516651 0.0059516651 0.0059516651 0.0059516651 0.0059516651 0.0059516651 0.0059516651 0.0059516651 0.0059516651 0.0059516651 0.0059516651 0.0059516651 0.0059516651 0.0059516651 0.0059516651 0.0059516651 0.0059516651 0.0059516651 0.0059516651 0.0059516651 0.0059516651 0.0059516651 0.0059516651 0.0059516651 0.0059516651 0.0059516651 0.0059516651 0.0059516651 0.0059516651 0.0059516651 0.0059516651 0.0059516651 0.0059516651 0.0059516651 0.0059516651 0.0059516651 0.0059516651 0.0059516651 0.0059516651 0.0059516651 0.0059516651 0.0059516651 0.0059516651 0.0059516651 0.0059516651 0.0059516651 0.0059516651 0.0059516651 0.0059516651 0.0059516651 0.0059516651 0.0059516651 0.0059516651 0.0059516651 0.0059516651 0.0059516651 0.0059516651 0.0059516651 0.0059516651 0.0059516651 0.0059516651 0.0059516651 0.0059516651 0.0059516651 0.0059516651 0.0059516651 0.0059516651 0.0059516651 0.0059516651 0.0059516651 0.0059516651 0.0059516651 0.0059516651 0.0059516651 0.0059516651 0.0059516651 0.0059516651 0.0059516651 0.0059516651 0.0059516651 0.0059516651 0.0059516651 0.0059516651 0.0059516651 0.0059516651 0.0059516651 0.0059516651 0.0059516651 0.0059516651 0.0059516651 0.0059516651 0.0059516651 0.0059516651 0.0059516651 0.0059516651 0.0059516651 0.0059516651 0.0059516651 0.0059516651 0.0059516651 0.0059516651 0.0059516651 0.0059516651 0.0059516651 0.0059516651 0.0059516651 0.0059516651 0.0059516651 0.0059516651 0.0059516651 0.0059516651 0.0059516651 0.0059516651 0.0059516651 0.0059516651 0.0059516651 0.0059516651 0.0059516651 0.0059516651 0.0059516651 0.0059516651 0.0059516651 0.0059516651 0.0059516651 0.0059516651 0.0059516651 0.0059516651 0.0059516651 0.0059516651 0.0059516651 0.0059516651 0.0059516651 0.0059516651 0.0059516651 0.0059516651 0.0059516651 0.0059516651 0.0059516651 0.0059516651 0.0059516651 0.0059516651 0.0059516651 0.0059516651 0.0059516651 0.0059516651 0.0059516651 0.0059516651 0.0059516651 0.0059516651 0.0059516651 0.0058820984 0.0058820984 0.0058820984 0.0058820984 0.0058820984 0.0058820984 0.0058820984 0.0058820984 0.0058820984 0.0058820984 0.0058820984 0.0058820984 0.0058820984 0.0058820984 0.0058820984 0.0058820984 0.0058820984 0.0058820984 0.0058820984 0.0058820984 0.0058820984 0.0058820984 0.0058820984 0.0058820984 0.0058820984 0.0058820984 0.0058820984 0.0058820984 0.0058820984 0.0058820984 0.0058820984 0.0058820984 0.0058820984 0.0058820984 0.0058820984 0.0058820984 0.0058820984 0.0058820984 0.0058820984 0.0058820984 0.0058820984 0.0058820984 0.0058820984 0.0058820984 0.0058820984 0.0058820984 0.0058820984 0.0058820984 0.0058820984 0.0058820984 0.0058820984 0.0058820984 0.0058820984 0.0058820984 0.0058820984 0.0058820984 0.0058820984 0.0058820984 0.0058820984 0.0058820984 0.0058820984 0.0058820984 0.0058820984 0.0058820984 0.0058820984 0.0058820984 0.0058820984 0.0058820984 0.0058820984 0.0058820984 0.0058820984 0.0058820984 0.0058820984 0.0058820984 0.0058820984 0.0058820984 0.0058820984 0.0058820984 0.0058820984 0.0058820984 0.0058820984 0.0058820984 0.0058820984 0.0058820984 0.0058820984 0.0058820984 0.0058420295 0.0058420295 0.0058420295 0.0058420295 0.0058420295 0.0058420295 0.0058420295 0.0058420295 0.0058420295 0.0058420295 0.0058420295 0.0058420295 0.0058420295 0.0058420295 0.0058420295 0.0058420295 0.0058420295 0.0058420295 0.0058420295 0.0058420295 0.0058420295 0.0058420295 0.0058420295 0.0058420295 0.0058420295 0.0058420295 0.0058420295 0.0058420295 0.0058420295 0.0058420295 0.0058420295 0.0058420295 0.0058420295 0.0058420295 0.0058420295 0.0058420295 0.0058420295 0.0058420295 0.0058420295 0.0058420295 0.0058420295 0.0058420295 0.0058420295 0.0058420295 0.0058420295 0.0058420295 0.0058420295 0.0058420295 0.0058420295 0.0058420295 0.0058420295 0.0058420295 0.0058420295 0.0058420295 0.0058420295 0.0058420295 0.0058420295 0.0058420295 0.0058420295 0.0058420295 0.0058420295 0.0058420295 0.0058420295 0.0058420295 0.0058420295 0.0058420295 0.0058420295 0.0058420295 0.0058420295 0.0058420295 0.0058420295 0.0058420295 0.0058420295 0.0058420295 0.0058420295 0.0058420295 0.0058420295 0.0058420295 0.0058420295 0.0058420295 0.0058420295 0.0058420295 0.0058420295 0.0058420295 0.0058420295 0.0058420295 0.0058420295 0.0058420295 0.0058420295 0.0058420295 0.0058420295 0.0058420295 0.0058420295 0.0058420295 0.0058420295 0.0058420295 0.0058420295 0.0058420295 0.0058019605 0.0058019605 0.0058019605 0.0058019605 0.0058019605 0.0058019605 0.0058019605 0.0058019605 0.0058019605 0.0058019605 0.0058019605 0.0058019605 0.0058019605 0.0058019605 0.0058019605 0.0058019605 0.0058019605 0.0058019605 0.0058019605 0.0058019605 0.0058019605 0.0058019605 0.0058019605 0.0058019605 0.0058019605 0.0058019605 0.0058019605 0.0058019605 0.0058019605 0.0058019605 0.0058019605 0.0058019605 0.0058019605 0.0058019605 0.0058019605 0.0058019605 0.0058019605 0.0058019605 0.0058019605 0.0058019605 0.0058019605 0.0058019605 0.0057242095 0.0057242095 0.0057242095 0.0057242095 0.0057242095 0.0057242095 0.0057242095 0.0057242095 0.0057242095 0.0057242095 0.0057242095 0.0057242095 0.0057242095 0.0057242095 0.0057242095 0.0057242095 0.0057242095 0.0057242095 0.0057242095 0.0057242095 0.0056464586 0.0056464586 0.0056464586 0.0056464586 0.0056464586 0.0056464586  
uv:Tf/Scatterer1/L14/Values  = 2151 0.4889910656 0.4889910656 0.4889910656 0.4889910656 0.4889910656 0.4889910656 0.4889910656 0.4889910656 0.4889910656 0.4889910656 0.4889910656 0.4889910656 0.4889910656 0.4889910656 0.4889910656 0.4889910656 0.4889910656 0.4889910656 0.4889910656 0.4889910656 0.4889910656 0.4889910656 0.4889910656 0.4889910656 0.4889910656 0.4889910656 0.4889910656 0.4889910656 0.4889910656 0.4889910656 0.4889910656 0.4889910656 0.4889910656 0.4889910656 0.4889910656 0.4889910656 0.4889910656 0.4889910656 0.4889910656 0.4889910656 0.4889910656 0.4889910656 0.4889910656 0.4889910656 0.4889910656 0.4889910656 0.4889910656 0.4889910656 0.4889910656 0.4889910656 0.4889910656 0.4889910656 0.4889910656 0.4889910656 0.4889910656 0.4889910656 0.4889910656 0.4889910656 0.4889910656 0.4889910656 0.4889910656 0.4889910656 0.4889910656 0.4889910656 0.4889910656 0.4889910656 0.4889910656 0.4889910656 0.4889910656 0.4889910656 0.4889910656 0.4889910656 0.4889910656 0.4889910656 0.4889910656 0.4889910656 0.4889910656 0.4889910656 0.4889910656 0.4889910656 0.4889910656 0.4889910656 0.4889910656 0.4889910656 0.4889910656 0.4889910656 0.4889910656 0.4889910656 0.4889910656 0.4889910656 0.4889910656 0.4889910656 0.4889910656 0.4889910656 0.4889910656 0.4889910656 0.4889910656 0.4889910656 0.4889910656 0.4889910656 0.4889910656 0.4889910656 0.4889910656 0.4889910656 0.4889910656 0.4889910656 0.4889910656 0.4889910656 0.4889910656 0.4889910656 0.4889910656 0.4889910656 0.4889910656 0.4889910656 0.4889910656 0.4889910656 0.4889910656 0.4889910656 0.4889910656 0.4889910656 0.4889910656 0.4889910656 0.4889910656 0.4889910656 0.4889910656 0.4889910656 0.4889910656 0.4889910656 0.4889910656 0.4889910656 0.4889910656 0.4889910656 0.4889910656 0.4889910656 0.4889910656 0.4889910656 0.4889910656 0.4889910656 0.4889910656 0.4889910656 0.4889910656 0.4889910656 0.4889910656 0.4889910656 0.4889910656 0.4889910656 0.4889910656 0.4889910656 0.4889910656 0.4889910656 0.4889910656 0.4889910656 0.4889910656 0.4889910656 0.4889910656 0.4889910656 0.5004508767 0.5004508767 0.5004508767 0.5004508767 0.5004508767 0.5004508767 0.5004508767 0.5004508767 0.5004508767 0.5004508767 0.5004508767 0.5004508767 0.5004508767 0.5004508767 0.5004508767 0.5004508767 0.5004508767 0.5004508767 0.5004508767 0.5004508767 0.5004508767 0.5004508767 0.5004508767 0.5004508767 0.5004508767 0.5004508767 0.5004508767 0.5004508767 0.5004508767 0.5004508767 0.5004508767 0.5004508767 0.5004508767 0.5004508767 0.5004508767 0.5004508767 0.5004508767 0.5004508767 0.5004508767 0.5004508767 0.5004508767 0.5004508767 0.4889910656 0.4889910656 0.4889910656 0.4889910656 0.4889910656 0.4889910656 0.4889910656 0.4889910656 0.4889910656 0.4889910656 0.4889910656 0.4889910656 0.4889910656 0.4889910656 0.4889910656 0.4889910656 0.4889910656 0.4889910656 0.4889910656 0.4889910656 0.4889910656 0.4889910656 0.4889910656 0.4889910656 0.4889910656 0.4889910656 0.4889910656 0.4889910656 0.4889910656 0.4889910656 0.4889910656 0.4889910656 0.4889910656 0.4889910656 0.4889910656 0.4889910656 0.4889910656 0.4889910656 0.4889910656 0.4889910656 0.4889910656 0.4889910656 0.4889910656 0.4889910656 0.4889910656 0.4889910656 0.4889910656 0.4889910656 0.4889910656 0.4889910656 0.4889910656 0.4889910656 0.4889910656 0.4889910656 0.4889910656 0.4889910656 0.4889910656 0.4889910656 0.4889910656 0.4889910656 0.4889910656 0.4889910656 0.4889910656 0.4889910656 0.4889910656 0.4889910656 0.4889910656 0.4889910656 0.4889910656 0.4889910656 0.4889910656 0.4889910656 0.4889910656 0.4889910656 0.4889910656 0.4889910656 0.4889910656 0.4889910656 0.4889910656 0.4889910656 0.4889910656 0.4889910656 0.4889910656 0.4889910656 0.4889910656 0.4889910656 0.4889910656 0.4889910656 0.4889910656 0.4889910656 0.4889910656 0.4889910656 0.4889910656 0.4889910656 0.4889910656 0.4889910656 0.4889910656 0.4889910656 0.4889910656 0.4889910656 0.4889910656 0.4889910656 0.4889910656 0.4889910656 0.4989068435 0.4989068435 0.4989068435 0.4989068435 0.4989068435 0.4989068435 0.4989068435 0.4989068435 0.4989068435 0.4989068435 0.4989068435 0.4989068435 0.4989068435 0.4989068435 0.4989068435 0.4989068435 0.4989068435 0.4989068435 0.4989068435 0.4989068435 0.4989068435 0.4989068435 0.4989068435 0.4989068435 0.4989068435 0.4989068435 0.4989068435 0.4989068435 0.4989068435 0.4989068435 0.4989068435 0.4989068435 0.4989068435 0.4989068435 0.4989068435 0.4989068435 0.4989068435 0.4989068435 0.4989068435 0.4989068435 0.4989068435 0.4989068435 0.4989068435 0.4989068435 0.4989068435 0.4989068435 0.4989068435 0.4989068435 0.4989068435 0.4989068435 0.4989068435 0.4989068435 0.4989068435 0.4989068435 0.4989068435 0.4989068435 0.4989068435 0.4989068435 0.4989068435 0.4989068435 0.4989068435 0.4989068435 0.4989068435 0.4989068435 0.5137805105 0.5137805105 0.5137805105 0.5137805105 0.5137805105 0.5137805105 0.5137805105 0.5137805105 0.5137805105 0.5137805105 0.5137805105 0.5137805105 0.5137805105 0.5137805105 0.5137805105 0.5137805105 0.5137805105 0.5137805105 0.5137805105 0.5137805105 0.5137805105 0.5137805105 0.5137805105 0.5137805105 0.5137805105 0.5137805105 0.5137805105 0.5137805105 0.5137805105 0.5137805105 0.5137805105 0.5137805105 0.5137805105 0.5137805105 0.5137805105 0.5137805105 0.5137805105 0.5137805105 0.5137805105 0.5137805105 0.5137805105 0.5137805105 0.5137805105 0.5137805105 0.5137805105 0.5137805105 0.5137805105 0.5137805105 0.5137805105 0.5137805105 0.5137805105 0.5137805105 0.5137805105 0.5137805105 0.5137805105 0.5137805105 0.5137805105 0.5137805105 0.5137805105 0.5137805105 0.5137805105 0.5137805105 0.5137805105 0.5137805105 0.5137805105 0.5137805105 0.5137805105 0.5137805105 0.5137805105 0.5137805105 0.5137805105 0.5137805105 0.5137805105 0.5137805105 0.5137805105 0.5137805105 0.5137805105 0.5137805105 0.5137805105 0.5137805105 0.5137805105 0.5137805105 0.5137805105 0.5137805105 0.5137805105 0.5137805105 0.5137805105 0.5137805105 0.5137805105 0.5137805105 0.5137805105 0.5137805105 0.5137805105 0.5137805105 0.5137805105 0.5137805105 0.5137805105 0.5137805105 0.5137805105 0.5137805105 0.5137805105 0.5137805105 0.5137805105 0.5137805105 0.5137805105 0.5137805105 0.5137805105 0.5137805105 0.5137805105 0.5137805105 0.5137805105 0.5137805105 0.5137805105 0.5137805105 0.5137805105 0.5137805105 0.5137805105 0.5137805105 0.5137805105 0.5137805105 0.5137805105 0.5137805105 0.5137805105 0.5137805105 0.5137805105 0.5137805105 0.5137805105 0.5137805105 0.5137805105 0.5137805105 0.5137805105 0.5137805105 0.5137805105 0.5137805105 0.5137805105 0.5137805105 0.5137805105 0.5137805105 0.5137805105 0.5137805105 0.5137805105 0.5137805105 0.5137805105 0.5137805105 0.5137805105 0.5137805105 0.5137805105 0.5137805105 0.5137805105 0.5137805105 0.5137805105 0.5137805105 0.5137805105 0.5137805105 0.5137805105 0.5137805105 0.5137805105 0.5137805105 0.5137805105 0.503553696 0.503553696 0.503553696 0.503553696 0.503553696 0.503553696 0.503553696 0.503553696 0.503553696 0.503553696 0.503553696 0.503553696 0.503553696 0.503553696 0.503553696 0.503553696 0.503553696 0.503553696 0.503553696 0.503553696 0.503553696 0.503553696 0.503553696 0.503553696 0.503553696 0.503553696 0.503553696 0.503553696 0.503553696 0.503553696 0.503553696 0.503553696 0.503553696 0.503553696 0.503553696 0.503553696 0.503553696 0.503553696 0.503553696 0.503553696 0.503553696 0.503553696 0.503553696 0.503553696 0.503553696 0.503553696 0.503553696 0.503553696 0.503553696 0.503553696 0.503553696 0.503553696 0.503553696 0.503553696 0.503553696 0.503553696 0.503553696 0.503553696 0.503553696 0.503553696 0.503553696 0.503553696 0.503553696 0.503553696 0.503553696 0.503553696 0.503553696 0.503553696 0.503553696 0.503553696 0.503553696 0.503553696 0.503553696 0.503553696 0.503553696 0.503553696 0.503553696 0.503553696 0.503553696 0.503553696 0.503553696 0.503553696 0.503553696 0.503553696 0.503553696 0.503553696 0.503553696 0.503553696 0.503553696 0.503553696 0.503553696 0.503553696 0.503553696 0.503553696 0.503553696 0.503553696 0.503553696 0.503553696 0.503553696 0.503553696 0.503553696 0.503553696 0.503553696 0.503553696 0.503553696 0.503553696 0.503553696 0.503553696 0.503553696 0.503553696 0.503553696 0.503553696 0.503553696 0.503553696 0.503553696 0.503553696 0.503553696 0.503553696 0.503553696 0.503553696 0.503553696 0.503553696 0.503553696 0.503553696 0.503553696 0.503553696 0.503553696 0.503553696 0.503553696 0.503553696 0.503553696 0.503553696 0.503553696 0.503553696 0.503553696 0.503553696 0.503553696 0.503553696 0.503553696 0.503553696 0.503553696 0.503553696 0.503553696 0.503553696 0.503553696 0.503553696 0.503553696 0.503553696 0.503553696 0.503553696 0.4967358196 0.4967358196 0.4967358196 0.4967358196 0.4967358196 0.4967358196 0.4967358196 0.4967358196 0.4967358196 0.4967358196 0.4967358196 0.4967358196 0.4967358196 0.4967358196 0.4967358196 0.4967358196 0.4967358196 0.4967358196 0.4967358196 0.4967358196 0.4967358196 0.4967358196 0.4967358196 0.4967358196 0.4967358196 0.4967358196 0.4967358196 0.4967358196 0.4967358196 0.4967358196 0.4967358196 0.4967358196 0.4967358196 0.4967358196 0.4967358196 0.4967358196 0.4967358196 0.4967358196 0.4967358196 0.4967358196 0.4967358196 0.4967358196 0.4967358196 0.4967358196 0.4967358196 0.4967358196 0.4967358196 0.4967358196 0.4967358196 0.4967358196 0.4967358196 0.4967358196 0.4967358196 0.4967358196 0.4967358196 0.4967358196 0.4967358196 0.4967358196 0.4967358196 0.4967358196 0.4967358196 0.4967358196 0.4967358196 0.4967358196 0.4967358196 0.4967358196 0.4967358196 0.4967358196 0.4967358196 0.4967358196 0.4967358196 0.4967358196 0.4967358196 0.4967358196 0.4967358196 0.4967358196 0.4967358196 0.4967358196 0.4967358196 0.4967358196 0.4967358196 0.4967358196 0.4967358196 0.4967358196 0.4967358196 0.4967358196 0.4967358196 0.4967358196 0.4967358196 0.4967358196 0.4967358196 0.4967358196 0.4967358196 0.4967358196 0.4967358196 0.4967358196 0.4967358196 0.4967358196 0.4967358196 0.4967358196 0.4967358196 0.4967358196 0.4967358196 0.4967358196 0.4967358196 0.4967358196 0.4967358196 0.4967358196 0.4967358196 0.4967358196 0.4967358196 0.4967358196 0.4967358196 0.4967358196 0.4967358196 0.4967358196 0.4967358196 0.4967358196 0.4967358196 0.4967358196 0.5067465133 0.5067465133 0.5067465133 0.5067465133 0.5067465133 0.5067465133 0.5067465133 0.5067465133 0.5067465133 0.5067465133 0.5067465133 0.5067465133 0.5067465133 0.5067465133 0.5067465133 0.5067465133 0.5067465133 0.5067465133 0.5067465133 0.5067465133 0.5067465133 0.5067465133 0.5067465133 0.5067465133 0.5067465133 0.5067465133 0.5067465133 0.5067465133 0.5067465133 0.5067465133 0.5067465133 0.5067465133 0.5067465133 0.5067465133 0.5067465133 0.5067465133 0.5067465133 0.5067465133 0.5067465133 0.5067465133 0.5067465133 0.5067465133 0.5067465133 0.5067465133 0.5067465133 0.5067465133 0.5067465133 0.5067465133 0.5067465133 0.5067465133 0.5067465133 0.5067465133 0.5067465133 0.5067465133 0.5067465133 0.5067465133 0.5067465133 0.5067465133 0.5067465133 0.5067465133 0.5067465133 0.5067465133 0.5067465133 0.5067465133 0.5067465133 0.5067465133 0.5067465133 0.5067465133 0.5067465133 0.5067465133 0.5067465133 0.5067465133 0.5067465133 0.5067465133 0.5067465133 0.5067465133 0.5067465133 0.5067465133 0.5067465133 0.5067465133 0.5067465133 0.5067465133 0.5067465133 0.5067465133 0.5067465133 0.5134203091 0.5134203091 0.5134203091 0.5134203091 0.5134203091 0.5134203091 0.5134203091 0.5134203091 0.5134203091 0.5134203091 0.5134203091 0.5134203091 0.5134203091 0.5134203091 0.5134203091 0.5134203091 0.5134203091 0.5134203091 0.5134203091 0.5134203091 0.5134203091 0.5134203091 0.5134203091 0.5134203091 0.5134203091 0.5134203091 0.5134203091 0.5134203091 0.5134203091 0.5134203091 0.5134203091 0.5134203091 0.5134203091 0.5134203091 0.5134203091 0.5134203091 0.5134203091 0.5134203091 0.5134203091 0.5134203091 0.5134203091 0.5134203091 0.5134203091 0.5134203091 0.5134203091 0.5134203091 0.5134203091 0.5134203091 0.5134203091 0.5134203091 0.5134203091 0.5134203091 0.5134203091 0.5134203091 0.5134203091 0.5134203091 0.5134203091 0.5134203091 0.5134203091 0.5134203091 0.5134203091 0.5134203091 0.5134203091 0.5134203091 0.5134203091 0.5134203091 0.5134203091 0.5134203091 0.5134203091 0.5134203091 0.5134203091 0.5134203091 0.5134203091 0.5134203091 0.5134203091 0.5134203091 0.5134203091 0.5134203091 0.5134203091 0.5134203091 0.5134203091 0.5134203091 0.5134203091 0.5134203091 0.5134203091 0.5134203091 0.5134203091 0.5134203091 0.5134203091 0.5134203091 0.5134203091 0.5134203091 0.5134203091 0.5134203091 0.5134203091 0.5134203091 0.5134203091 0.5134203091 0.5134203091 0.5134203091 0.5134203091 0.5134203091 0.5134203091 0.5134203091 0.5134203091 0.5102450016 0.5102450016 0.5102450016 0.5102450016 0.5102450016 0.5102450016 0.5102450016 0.5102450016 0.5102450016 0.5102450016 0.5102450016 0.5102450016 0.5102450016 0.5102450016 0.5102450016 0.5102450016 0.5102450016 0.5102450016 0.5102450016 0.5102450016 0.5102450016 0.5102450016 0.5102450016 0.5102450016 0.5102450016 0.5102450016 0.5102450016 0.5102450016 0.5102450016 0.5102450016 0.5102450016 0.5102450016 0.5102450016 0.5102450016 0.5102450016 0.5102450016 0.5102450016 0.5102450016 0.5102450016 0.5102450016 0.5102450016 0.5102450016 0.5102450016 0.5102450016 0.5102450016 0.5102450016 0.5102450016 0.5102450016 0.5102450016 0.5102450016 0.5102450016 0.5102450016 0.5102450016 0.5102450016 0.5102450016 0.5102450016 0.5102450016 0.5102450016 0.5102450016 0.5102450016 0.5102450016 0.5102450016 0.5102450016 0.5102450016 0.5102450016 0.5102450016 0.5102450016 0.5102450016 0.5102450016 0.5102450016 0.5102450016 0.5102450016 0.5102450016 0.5102450016 0.5102450016 0.5102450016 0.5102450016 0.5102450016 0.5102450016 0.5102450016 0.5102450016 0.5102450016 0.5102450016 0.5102450016 0.5102450016 0.5102450016 0.5102450016 0.5102450016 0.5102450016 0.5102450016 0.5102450016 0.5102450016 0.5102450016 0.5102450016 0.5102450016 0.5102450016 0.5102450016 0.5102450016 0.5102450016 0.5102450016 0.5102450016 0.5102450016 0.5102450016 0.5102450016 0.5102450016 0.5102450016 0.5102450016 0.5102450016 0.5102450016 0.5102450016 0.5102450016 0.5102450016 0.5102450016 0.5102450016 0.5102450016 0.5102450016 0.5102450016 0.5102450016 0.5102450016 0.5102450016 0.5102450016 0.5102450016 0.5102450016 0.5102450016 0.5102450016 0.5102450016 0.5102450016 0.5102450016 0.5102450016 0.5102450016 0.5102450016 0.5102450016 0.5102450016 0.5102450016 0.5102450016 0.5102450016 0.5102450016 0.5102450016 0.5102450016 0.5102450016 0.5102450016 0.5102450016 0.5054820405 0.5054820405 0.5054820405 0.5054820405 0.5054820405 0.5054820405 0.5054820405 0.5054820405 0.5054820405 0.5054820405 0.5054820405 0.5054820405 0.5054820405 0.5054820405 0.5054820405 0.5054820405 0.5054820405 0.5054820405 0.5054820405 0.5054820405 0.5054820405 0.5054820405 0.5054820405 0.5054820405 0.5054820405 0.5054820405 0.5054820405 0.5054820405 0.5054820405 0.5054820405 0.5054820405 0.5054820405 0.5054820405 0.5054820405 0.5054820405 0.5054820405 0.5054820405 0.5054820405 0.5054820405 0.5054820405 0.5054820405 0.5054820405 0.5054820405 0.5054820405 0.5054820405 0.5054820405 0.5054820405 0.5054820405 0.5054820405 0.5054820405 0.5054820405 0.5054820405 0.5054820405 0.5054820405 0.5054820405 0.5054820405 0.5054820405 0.5054820405 0.5054820405 0.5054820405 0.5054820405 0.5054820405 0.5054820405 0.5054820405 0.5054820405 0.5054820405 0.5054820405 0.5054820405 0.5054820405 0.5054820405 0.5054820405 0.5054820405 0.5054820405 0.5054820405 0.5054820405 0.5054820405 0.5054820405 0.5054820405 0.5054820405 0.5054820405 0.5054820405 0.5054820405 0.5054820405 0.5054820405 0.5054820405 0.5054820405 0.5054820405 0.5054820405 0.5054820405 0.5054820405 0.5054820405 0.5054820405 0.5054820405 0.5054820405 0.5054820405 0.5054820405 0.5054820405 0.5054820405 0.5054820405 0.5054820405 0.5054820405 0.5054820405 0.5054820405 0.5054820405 0.5054820405 0.5054820405 0.5054820405 0.5054820405 0.5054820405 0.5054820405 0.5054820405 0.5054820405 0.5054820405 0.5054820405 0.5054820405 0.5054820405 0.5054820405 0.5054820405 0.5054820405 0.5054820405 0.5054820405 0.5054820405 0.5054820405 0.5054820405 0.5054820405 0.5054820405 0.5054820405 0.5054820405 0.5054820405 0.5054820405 0.5054820405 0.5054820405 0.5054820405 0.5054820405 0.5054820405 0.5054820405 0.5054820405 0.5054820405 0.5054820405 0.5054820405 0.5054820405 0.5054820405 0.5054820405 0.5054820405 0.5054820405 0.5054820405 0.5054820405 0.5054820405 0.5054820405 0.5054820405 0.5054820405 0.5054820405 0.5054820405 0.5054820405 0.5054820405 0.5054820405 0.5054820405 0.5054820405 0.5054820405 0.5054820405 0.5054820405 0.5054820405 0.5054820405 0.5054820405 0.5054820405 0.5054820405 0.5054820405 0.5054820405 0.5054820405 0.5054820405 0.5054820405 0.5054820405 0.5054820405 0.5054820405 0.5054820405 0.5054820405 0.5054820405 0.5054820405 0.5054820405 0.5054820405 0.5054820405 0.5054820405 0.5054820405 0.5054820405 0.5054820405 0.5054820405 0.5054820405 0.5054820405 0.5054820405 0.5054820405 0.5054820405 0.5054820405 0.5054820405 0.5054820405 0.5054820405 0.5054820405 0.5054820405 0.5054820405 0.5054820405 0.5054820405 0.5054820405 0.5054820405 0.5054820405 0.5054820405 0.5054820405 0.5054820405 0.5054820405 0.5054820405 0.5054820405 0.5054820405 0.5054820405 0.5054820405 0.5054820405 0.5054820405 0.5054820405 0.5054820405 0.5054820405 0.5054820405 0.5054820405 0.5054820405 0.5054820405 0.5054820405 0.5054820405 0.5054820405 0.5054820405 0.5054820405 0.5054820405 0.5054820405 0.5054820405 0.5054820405 0.5054820405 0.5054820405 0.5054820405 0.5054820405 0.5054820405 0.5054820405 0.5054820405 0.5054820405 0.5054820405 0.5054820405 0.5054820405 0.5054820405 0.5054820405 0.5054820405 0.5054820405 0.5054820405 0.5054820405 0.4984347036 0.4984347036 0.4984347036 0.4984347036 0.4984347036 0.4984347036 0.4984347036 0.4984347036 0.4984347036 0.4984347036 0.4984347036 0.4984347036 0.4984347036 0.4984347036 0.4984347036 0.4984347036 0.4984347036 0.4984347036 0.4984347036 0.4984347036 0.4984347036 0.4984347036 0.4984347036 0.4984347036 0.4984347036 0.4984347036 0.4984347036 0.4984347036 0.4984347036 0.4984347036 0.4984347036 0.4984347036 0.4984347036 0.4984347036 0.4984347036 0.4984347036 0.4984347036 0.4984347036 0.4984347036 0.4984347036 0.4984347036 0.4984347036 0.4984347036 0.4984347036 0.4984347036 0.4984347036 0.4984347036 0.4984347036 0.4984347036 0.4984347036 0.4984347036 0.4984347036 0.4984347036 0.4984347036 0.4984347036 0.4984347036 0.4984347036 0.4984347036 0.4984347036 0.4984347036 0.4984347036 0.4984347036 0.4984347036 0.4984347036 0.4984347036 0.4984347036 0.4984347036 0.4984347036 0.4984347036 0.4984347036 0.4984347036 0.4984347036 0.4984347036 0.4984347036 0.4984347036 0.4984347036 0.4984347036 0.4984347036 0.4984347036 0.4984347036 0.4984347036 0.4984347036 0.4984347036 0.4984347036 0.4984347036 0.4984347036 0.4984347036 0.4984347036 0.4984347036 0.4984347036 0.4984347036 0.4984347036 0.4984347036 0.4984347036 0.4984347036 0.4984347036 0.4984347036 0.4984347036 0.4984347036 0.4984347036 0.4984347036 0.4984347036 0.4984347036 0.4984347036 0.4984347036 0.4984347036 0.4984347036 0.4984347036 0.4984347036 0.4984347036 0.4984347036 0.4984347036 0.4984347036 0.4984347036 0.4984347036 0.4984347036 0.4984347036 0.4984347036 0.4984347036 0.4984347036 0.4984347036 0.4984347036 0.4984347036 0.4984347036 0.4984347036 0.4984347036 0.4913873666 0.4913873666 0.4913873666 0.4913873666 0.4913873666 0.4913873666 0.4913873666 0.4913873666 0.4913873666 0.4913873666 0.4913873666 0.4913873666 0.4913873666 0.4913873666 0.4913873666 0.4913873666 0.4913873666 0.4913873666 0.4913873666 0.4913873666 0.4913873666 0.4913873666 0.4913873666 0.4913873666 0.4913873666 0.4913873666 0.4913873666 0.4913873666 0.4913873666 0.4913873666 0.4913873666 0.4913873666 0.4913873666 0.4913873666 0.4913873666 0.4913873666 0.4913873666 0.4913873666 0.4913873666 0.4913873666 0.4913873666 0.4913873666 0.4913873666 0.4913873666 0.4913873666 0.4913873666 0.4913873666 0.4913873666 0.4913873666 0.4913873666 0.4913873666 0.4913873666 0.4913873666 0.4913873666 0.4913873666 0.4913873666 0.4913873666 0.4913873666 0.4913873666 0.4913873666 0.4913873666 0.4913873666 0.4913873666 0.4913873666 0.4913873666 0.4913873666 0.4913873666 0.4913873666 0.4913873666 0.4913873666 0.4913873666 0.4913873666 0.4913873666 0.4913873666 0.4913873666 0.4913873666 0.4913873666 0.4913873666 0.4913873666 0.4913873666 0.4913873666 0.4913873666 0.4913873666 0.4913873666 0.4913873666 0.4913873666 0.4913873666 0.4913873666 0.4913873666 0.4913873666 0.4913873666 0.4913873666 0.4913873666 0.4913873666 0.4913873666 0.4913873666 0.4913873666 0.4913873666 0.4913873666 0.4913873666 0.4913873666 0.4913873666 0.4913873666 0.4913873666 0.4913873666 0.4913873666 0.4913873666 0.4913873666 0.4913873666 0.4913873666 0.4913873666 0.4913873666 0.4913873666 0.4913873666 0.4913873666 0.4913873666 0.4913873666 0.4913873666 0.4918553033 0.4918553033 0.4918553033 0.4918553033 0.4918553033 0.4918553033 0.4918553033 0.4918553033 0.4918553033 0.4918553033 0.4918553033 0.4918553033 0.4918553033 0.4918553033 0.4918553033 0.4918553033 0.4918553033 0.4918553033 0.4918553033 0.4918553033 0.4918553033 0.4918553033 0.4918553033 0.4918553033 0.4918553033 0.4918553033 0.4918553033 0.4918553033 0.4918553033 0.4918553033 0.4918553033 0.4918553033 0.4918553033 0.4918553033 0.4918553033 0.4918553033 0.4918553033 0.4918553033 0.4918553033 0.4918553033 0.4918553033 0.4918553033 0.4918553033 0.4918553033 0.4918553033 0.4918553033 0.4918553033 0.4918553033 0.4918553033 0.4918553033 0.4918553033 0.4918553033 0.4918553033 0.4918553033 0.4918553033 0.4918553033 0.4918553033 0.4918553033 0.4918553033 0.4918553033 0.4918553033 0.4918553033 0.4918553033 0.4918553033 0.4918553033 0.4918553033 0.4918553033 0.4918553033 0.4918553033 0.4918553033 0.4918553033 0.4918553033 0.4918553033 0.4918553033 0.4918553033 0.4918553033 0.4918553033 0.4918553033 0.4918553033 0.4918553033 0.4918553033 0.4918553033 0.4918553033 0.4918553033 0.4918553033 0.4918553033 0.4918553033 0.4918553033 0.4918553033 0.4918553033 0.4918553033 0.4918553033 0.4918553033 0.4918553033 0.4918553033 0.4918553033 0.4918553033 0.4918553033 0.4918553033 0.4918553033 0.4918553033 0.4918553033 0.4918553033 0.4918553033 0.4918553033 0.4918553033 0.4918553033 0.4918553033 0.4918553033 0.4918553033 0.4918553033 0.4918553033 0.4918553033 0.4918553033 0.4918553033 0.4918553033 0.4918553033 0.503830119 0.503830119 0.503830119 0.503830119 0.503830119 0.503830119 0.503830119 0.503830119 0.503830119 0.503830119 0.503830119 0.503830119 0.503830119 0.503830119 0.503830119 0.503830119 0.503830119 0.503830119 0.503830119 0.503830119 0.503830119 0.503830119 0.503830119 0.503830119 0.503830119 0.503830119 0.503830119 0.503830119 0.503830119 0.503830119 0.503830119 0.503830119 0.503830119 0.503830119 0.503830119 0.503830119 0.503830119 0.503830119 0.503830119 0.503830119 0.503830119 0.503830119 0.503830119 0.503830119 0.503830119 0.503830119 0.503830119 0.503830119 0.503830119 0.503830119 0.503830119 0.503830119 0.503830119 0.503830119 0.503830119 0.503830119 0.503830119 0.503830119 0.503830119 0.503830119 0.503830119 0.503830119 0.503830119 0.503830119 0.503830119 0.503830119 0.503830119 0.503830119 0.503830119 0.503830119 0.503830119 0.503830119 0.503830119 0.503830119 0.503830119 0.503830119 0.503830119 0.503830119 0.503830119 0.503830119 0.503830119 0.503830119 0.503830119 0.503830119 0.503830119 0.503830119 0.503830119 0.503830119 0.503830119 0.503830119 0.503830119 0.503830119 0.503830119 0.503830119 0.503830119 0.503830119 0.503830119 0.503830119 0.503830119 0.503830119 0.503830119 0.503830119 0.503830119 0.503830119 0.503830119 0.503830119 0.503830119 0.503830119 0.503830119 0.503830119 0.503830119 0.503830119 0.503830119 0.503830119 0.503830119 0.503830119 0.503830119 0.503830119 0.503830119 0.503830119 0.503830119 0.503830119 0.503830119 0.503830119 0.503830119 0.503830119 0.503830119 0.503830119 0.503830119 0.503830119 0.503830119 0.503830119 0.503830119 0.503830119 0.503830119 0.503830119 0.503830119 0.503830119 0.503830119 0.503830119 0.503830119 0.503830119 0.503830119 0.503830119 0.503830119 0.503830119 0.503830119 0.503830119 0.503830119 0.503830119 0.503830119 0.503830119 0.503830119 0.503830119 0.503830119 0.503830119 0.503830119 0.503830119 0.503830119 0.503830119 0.503830119 0.503830119 0.503830119 0.503830119 0.5013749557 0.5013749557 0.5013749557 0.5013749557 0.5013749557 0.5013749557 0.5013749557 0.5013749557 0.5013749557 0.5013749557 0.5013749557 0.5013749557 0.5013749557 0.5013749557 0.5013749557 0.5013749557 0.5013749557 0.5013749557 0.5013749557 0.5013749557 0.5013749557 0.5013749557 0.5013749557 0.5013749557 0.5013749557 0.5013749557 0.5013749557 0.5013749557 0.5013749557 0.5013749557 0.5013749557 0.5013749557 0.5013749557 0.5013749557 0.5013749557 0.5013749557 0.5013749557 0.5013749557 0.5013749557 0.5013749557 0.5013749557 0.5013749557 0.5013749557 0.5013749557 0.5013749557 0.5013749557 0.5013749557 0.5013749557 0.5013749557 0.5013749557 0.5013749557 0.5013749557 0.5013749557 0.5013749557 0.5013749557 0.5013749557 0.5013749557 0.5013749557 0.5013749557 0.5013749557 0.5013749557 0.5013749557 0.5013749557 0.5013749557 0.5013749557 0.5013749557 0.5013749557 0.5013749557 0.5013749557 0.5013749557 0.5013749557 0.5013749557 0.5013749557 0.5013749557 0.5013749557 0.5013749557 0.5013749557 0.5013749557 0.5013749557 0.5013749557 0.5013749557 0.5013749557 0.5013749557 0.5013749557 0.5013749557 0.5013749557 0.4884814187 0.4884814187 0.4884814187 0.4884814187 0.4884814187 0.4884814187 0.4884814187 0.4884814187 0.4884814187 0.4884814187 0.4884814187 0.4884814187 0.4884814187 0.4884814187 0.4884814187 0.4884814187 0.4884814187 0.4884814187 0.4884814187 0.4884814187 0.4884814187 0.4884814187 0.4884814187 0.4884814187 0.4884814187 0.4884814187 0.4884814187 0.4884814187 0.4884814187 0.4884814187 0.4884814187 0.4884814187 0.4884814187 0.4884814187 0.4884814187 0.4884814187 0.4884814187 0.4884814187 0.4884814187 0.4884814187 0.4884814187 0.4884814187 0.4884814187 0.4884814187 0.4884814187 0.4884814187 0.4884814187 0.4884814187 0.4884814187 0.4884814187 0.4884814187 0.4884814187 0.4884814187 0.4884814187 0.4884814187 0.4884814187 0.4884814187 0.4884814187 0.4884814187 0.4884814187 0.4884814187 0.4884814187 0.4884814187 0.4884814187 0.4884814187 0.4884814187 0.4884814187 0.4884814187 0.4884814187 0.4884814187 0.4884814187 0.4884814187 0.4884814187 0.4884814187 0.4884814187 0.4884814187 0.4884814187 0.4884814187 0.4884814187 0.4884814187 0.4884814187 0.4884814187 0.4884814187 0.4884814187 0.4884814187 0.4884814187 0.4884814187 0.4884814187 0.4884814187 0.4884814187 0.4884814187 0.4884814187 0.4884814187 0.4884814187 0.4884814187 0.4884814187 0.4884814187 0.4884814187 0.4755878817 0.4755878817 0.4755878817 0.4755878817 0.4755878817 0.4755878817 0.4755878817 0.4755878817 0.4755878817 0.4755878817 0.4755878817 0.4755878817 0.4755878817 0.4755878817 0.4755878817 0.4755878817 0.4755878817 0.4755878817 0.4755878817 0.4755878817 0.4755878817 0.4755878817 0.4755878817 0.4755878817 0.4755878817 0.4755878817 0.4755878817 0.4755878817 0.4755878817 0.4755878817 0.4755878817 0.4755878817 0.4755878817 0.4755878817 0.4755878817 0.4755878817 0.4755878817 0.4755878817 0.4755878817 0.4755878817 0.4755878817 0.4755878817 0.4708395603 0.4708395603 0.4708395603 0.4708395603 0.4708395603 0.4708395603 0.4708395603 0.4708395603 0.4708395603 0.4708395603 0.4708395603 0.4708395603 0.4708395603 0.4708395603 0.4708395603 0.4708395603 0.4708395603 0.4708395603 0.4708395603 0.4708395603 0.4660912389 0.4660912389 0.4660912389 0.4660912389 0.4660912389 0.4660912389  



#s:Tf/VerticalMoveCosine/Function           = "Cosine"
#d:Tf/VerticalMoveCosine/RepetitionInterval = 1.0 s
#d:Tf/VerticalMoveCosine/Rate               = 0.36 deg/ms
#d:Tf/VerticalMoveCosine/StartValue         = 0.0 deg

#d:Tf/VerticalMoveE_Cosine/Value = -10.0 MeV * Tf/VerticalMoveCosine/Value
#d:Tf/VerticalMoveEnergy/Value   = 139.8030000 MeV + Tf/VerticalMoveE_Cosine/Value
#i:Tf/Verbosity = 1

# d:Ge/RMW_1/RotZ = Tf/RMW_Rotation/Value deg

#d:Tf/TimelineEnd             = 100.0 ms
#i:Tf/NumberOfSequentialTimes = 100

#s:Tf/RMW_Rotation/Function           = "Linear deg"
#d:Tf/RMW_Rotation/Rate               = 90 deg/ms
#d:Tf/RMW_Rotation/StartValue         = 0.0 deg
#d:Tf/RMW_Rotation/RepetitionInterval = 1.5 ms

